pdf,label
<pdfplumber.pdf.PDF object at 0x0000024FF575C440>,0
<pdfplumber.pdf.PDF object at 0x0000024FE6F2C2D0>,0
<pdfplumber.pdf.PDF object at 0x0000024FE6C7DBD0>,0
<pdfplumber.pdf.PDF object at 0x0000024FF574B820>,0
<pdfplumber.pdf.PDF object at 0x0000024FF574AB10>,0
<pdfplumber.pdf.PDF object at 0x0000024FF584E0F0>,0
<pdfplumber.pdf.PDF object at 0x0000024FF584B570>,0
<pdfplumber.pdf.PDF object at 0x0000024FF584B240>,0
<pdfplumber.pdf.PDF object at 0x0000024FF5896750>,0
<pdfplumber.pdf.PDF object at 0x0000024FF5896550>,0
<pdfplumber.pdf.PDF object at 0x0000024FF582FD40>,0
<pdfplumber.pdf.PDF object at 0x0000024FF582FA70>,0
<pdfplumber.pdf.PDF object at 0x0000024FE6EE7230>,0
<pdfplumber.pdf.PDF object at 0x0000024FE6EE7150>,0
<pdfplumber.pdf.PDF object at 0x0000024FE6F55570>,0
<pdfplumber.pdf.PDF object at 0x0000024FE6F744D0>,0
<pdfplumber.pdf.PDF object at 0x0000024FF57677D0>,0
<pdfplumber.pdf.PDF object at 0x0000024FF578FC20>,0
<pdfplumber.pdf.PDF object at 0x0000024FF578F960>,0
<pdfplumber.pdf.PDF object at 0x0000024FF56EC1B0>,0
<pdfplumber.pdf.PDF object at 0x0000024FF56EC3C0>,0
<pdfplumber.pdf.PDF object at 0x0000024FF56EC5D0>,0
<pdfplumber.pdf.PDF object at 0x0000024FF56EC7E0>,0
<pdfplumber.pdf.PDF object at 0x0000024FF56EC9F0>,0
<pdfplumber.pdf.PDF object at 0x0000024FF56ECC00>,0
<pdfplumber.pdf.PDF object at 0x0000024FF56ECE10>,0
<pdfplumber.pdf.PDF object at 0x0000024FF56ED020>,0
<pdfplumber.pdf.PDF object at 0x0000024FF56ED230>,0
<pdfplumber.pdf.PDF object at 0x0000024FF56ED440>,0
<pdfplumber.pdf.PDF object at 0x0000024FF56ED650>,0
<pdfplumber.pdf.PDF object at 0x0000024FF56ED860>,0
<pdfplumber.pdf.PDF object at 0x0000024FF56EDA70>,0
<pdfplumber.pdf.PDF object at 0x0000024FF56EDC80>,0
<pdfplumber.pdf.PDF object at 0x0000024FF56EDE90>,0
<pdfplumber.pdf.PDF object at 0x0000024FF56EE0A0>,0
<pdfplumber.pdf.PDF object at 0x0000024FF56EE2B0>,0
<pdfplumber.pdf.PDF object at 0x0000024FF56EE4C0>,0
<pdfplumber.pdf.PDF object at 0x0000024FF56EE6D0>,0
<pdfplumber.pdf.PDF object at 0x0000024FF56EE8E0>,0
<pdfplumber.pdf.PDF object at 0x0000024FF56EEAF0>,0
<pdfplumber.pdf.PDF object at 0x0000024FF56EED00>,0
<pdfplumber.pdf.PDF object at 0x0000024FF56EEF10>,0
<pdfplumber.pdf.PDF object at 0x0000024FF56EF120>,0
<pdfplumber.pdf.PDF object at 0x0000024FF56EF330>,0
<pdfplumber.pdf.PDF object at 0x0000024FF56EF540>,0
<pdfplumber.pdf.PDF object at 0x0000024FF56EF750>,0
<pdfplumber.pdf.PDF object at 0x0000024FF56EF960>,0
<pdfplumber.pdf.PDF object at 0x0000024FF56EFB70>,0
<pdfplumber.pdf.PDF object at 0x0000024FF56EFD80>,0
<pdfplumber.pdf.PDF object at 0x0000024FE6FA0050>,0
<pdfplumber.pdf.PDF object at 0x0000024FE6FA0260>,0
<pdfplumber.pdf.PDF object at 0x0000024FE6FA0470>,0
<pdfplumber.pdf.PDF object at 0x0000024FE6FA0680>,0
<pdfplumber.pdf.PDF object at 0x0000024FE6FA0890>,0
<pdfplumber.pdf.PDF object at 0x0000024FE6FA0AA0>,0
<pdfplumber.pdf.PDF object at 0x0000024FE6FA0CB0>,0
<pdfplumber.pdf.PDF object at 0x0000024FE6FA0EC0>,0
<pdfplumber.pdf.PDF object at 0x0000024FE6FA10D0>,0
<pdfplumber.pdf.PDF object at 0x0000024FE6FA12E0>,0
<pdfplumber.pdf.PDF object at 0x0000024FE6FA14F0>,0
<pdfplumber.pdf.PDF object at 0x0000024FE6FA1700>,0
<pdfplumber.pdf.PDF object at 0x0000024FE6FA1910>,0
<pdfplumber.pdf.PDF object at 0x0000024FE6FA1B20>,0
<pdfplumber.pdf.PDF object at 0x0000024FE6FA1D30>,0
<pdfplumber.pdf.PDF object at 0x0000024FE6FA1F40>,0
<pdfplumber.pdf.PDF object at 0x0000024FE6FA2150>,0
<pdfplumber.pdf.PDF object at 0x0000024FE6FA2360>,0
<pdfplumber.pdf.PDF object at 0x0000024FE6FA2570>,0
<pdfplumber.pdf.PDF object at 0x0000024FE6FA2780>,0
<pdfplumber.pdf.PDF object at 0x0000024FE6FA2990>,0
<pdfplumber.pdf.PDF object at 0x0000024FE6FA2BA0>,0
<pdfplumber.pdf.PDF object at 0x0000024FE6FA2DB0>,0
<pdfplumber.pdf.PDF object at 0x0000024FE6FA2FC0>,0
<pdfplumber.pdf.PDF object at 0x0000024FE6FA31D0>,0
<pdfplumber.pdf.PDF object at 0x0000024FE6FA33E0>,0
<pdfplumber.pdf.PDF object at 0x0000024FE6FA35F0>,0
<pdfplumber.pdf.PDF object at 0x0000024FE6FA3800>,0
<pdfplumber.pdf.PDF object at 0x0000024FE6FA3A10>,0
<pdfplumber.pdf.PDF object at 0x0000024FE6FA3C20>,0
<pdfplumber.pdf.PDF object at 0x0000024FE6FA3E30>,0
<pdfplumber.pdf.PDF object at 0x0000024FE6FD0100>,0
<pdfplumber.pdf.PDF object at 0x0000024FE6FD0310>,0
<pdfplumber.pdf.PDF object at 0x0000024FE6FD0520>,0
<pdfplumber.pdf.PDF object at 0x0000024FE6FD0730>,0
<pdfplumber.pdf.PDF object at 0x0000024FE6FD0940>,0
<pdfplumber.pdf.PDF object at 0x0000024FE6FD0B50>,0
<pdfplumber.pdf.PDF object at 0x0000024FE6FD0D60>,0
<pdfplumber.pdf.PDF object at 0x0000024FE6FD0F70>,0
<pdfplumber.pdf.PDF object at 0x0000024FE6FD1180>,0
<pdfplumber.pdf.PDF object at 0x0000024FE6FD1390>,0
<pdfplumber.pdf.PDF object at 0x0000024FE6FD15A0>,0
<pdfplumber.pdf.PDF object at 0x0000024FE6FD17B0>,0
<pdfplumber.pdf.PDF object at 0x0000024FE6FD19C0>,0
<pdfplumber.pdf.PDF object at 0x0000024FE6FD1BD0>,0
<pdfplumber.pdf.PDF object at 0x0000024FE6FD1DE0>,0
<pdfplumber.pdf.PDF object at 0x0000024FE6FD1FF0>,0
<pdfplumber.pdf.PDF object at 0x0000024FE6FD2200>,0
<pdfplumber.pdf.PDF object at 0x0000024FE6FD2410>,0
<pdfplumber.pdf.PDF object at 0x0000024FE6FD2620>,0
<pdfplumber.pdf.PDF object at 0x0000024FE6FD2830>,0
<pdfplumber.pdf.PDF object at 0x0000024FE6FD2A40>,0
<pdfplumber.pdf.PDF object at 0x0000024FE6FD2C50>,0
<pdfplumber.pdf.PDF object at 0x0000024FE6FD2E60>,0
<pdfplumber.pdf.PDF object at 0x0000024FE6FD3070>,0
<pdfplumber.pdf.PDF object at 0x0000024FE6FD3280>,0
<pdfplumber.pdf.PDF object at 0x0000024FE6FD3490>,0
<pdfplumber.pdf.PDF object at 0x0000024FE6FD36A0>,0
<pdfplumber.pdf.PDF object at 0x0000024FE6FD38B0>,0
<pdfplumber.pdf.PDF object at 0x0000024FE6FD3AC0>,0
<pdfplumber.pdf.PDF object at 0x0000024FE6FD3CD0>,0
<pdfplumber.pdf.PDF object at 0x0000024FE6FD3EE0>,0
<pdfplumber.pdf.PDF object at 0x0000024FE700C1B0>,0
<pdfplumber.pdf.PDF object at 0x0000024FE700C3C0>,0
<pdfplumber.pdf.PDF object at 0x0000024FE700C5D0>,0
<pdfplumber.pdf.PDF object at 0x0000024FE700C7E0>,0
<pdfplumber.pdf.PDF object at 0x0000024FE700C9F0>,0
<pdfplumber.pdf.PDF object at 0x0000024FE700CC00>,0
<pdfplumber.pdf.PDF object at 0x0000024FE700CE10>,0
<pdfplumber.pdf.PDF object at 0x0000024FE700D020>,1
<pdfplumber.pdf.PDF object at 0x0000024FE700D230>,1
<pdfplumber.pdf.PDF object at 0x0000024FE700D440>,1
<pdfplumber.pdf.PDF object at 0x0000024FE700D650>,1
<pdfplumber.pdf.PDF object at 0x0000024FE700D860>,1
<pdfplumber.pdf.PDF object at 0x0000024FE700DA70>,1
<pdfplumber.pdf.PDF object at 0x0000024FE700DC80>,1
<pdfplumber.pdf.PDF object at 0x0000024FE700DE90>,1
<pdfplumber.pdf.PDF object at 0x0000024FE700E0A0>,1
<pdfplumber.pdf.PDF object at 0x0000024FE700E2B0>,1
<pdfplumber.pdf.PDF object at 0x0000024FE700E4C0>,1
<pdfplumber.pdf.PDF object at 0x0000024FE700E6D0>,1
<pdfplumber.pdf.PDF object at 0x0000024FE700E8E0>,1
<pdfplumber.pdf.PDF object at 0x0000024FE700EAF0>,1
<pdfplumber.pdf.PDF object at 0x0000024FE700ED00>,1
<pdfplumber.pdf.PDF object at 0x0000024FE700EF10>,1
<pdfplumber.pdf.PDF object at 0x0000024FE700F120>,1
<pdfplumber.pdf.PDF object at 0x0000024FE700F330>,1
<pdfplumber.pdf.PDF object at 0x0000024FE700F540>,1
<pdfplumber.pdf.PDF object at 0x0000024FE700F750>,1
<pdfplumber.pdf.PDF object at 0x0000024FE700F960>,1
<pdfplumber.pdf.PDF object at 0x0000024FE700FB70>,1
<pdfplumber.pdf.PDF object at 0x0000024FE700FD80>,1
<pdfplumber.pdf.PDF object at 0x0000024FE7030050>,1
<pdfplumber.pdf.PDF object at 0x0000024FE7030260>,1
<pdfplumber.pdf.PDF object at 0x0000024FE7030470>,1
<pdfplumber.pdf.PDF object at 0x0000024FE7030680>,1
<pdfplumber.pdf.PDF object at 0x0000024FE7030890>,1
<pdfplumber.pdf.PDF object at 0x0000024FE7030AA0>,1
<pdfplumber.pdf.PDF object at 0x0000024FE7030CB0>,1
<pdfplumber.pdf.PDF object at 0x0000024FE7030EC0>,1
<pdfplumber.pdf.PDF object at 0x0000024FE70310D0>,1
<pdfplumber.pdf.PDF object at 0x0000024FE70312E0>,1
<pdfplumber.pdf.PDF object at 0x0000024FE70314F0>,1
<pdfplumber.pdf.PDF object at 0x0000024FE7031700>,1
<pdfplumber.pdf.PDF object at 0x0000024FE7031910>,1
<pdfplumber.pdf.PDF object at 0x0000024FE7031B20>,1
<pdfplumber.pdf.PDF object at 0x0000024FE7031D30>,1
<pdfplumber.pdf.PDF object at 0x0000024FE7031F40>,1
<pdfplumber.pdf.PDF object at 0x0000024FE7032150>,1
<pdfplumber.pdf.PDF object at 0x0000024FE7032360>,1
<pdfplumber.pdf.PDF object at 0x0000024FE7032570>,1
<pdfplumber.pdf.PDF object at 0x0000024FE7032780>,1
<pdfplumber.pdf.PDF object at 0x0000024FE7032990>,1
<pdfplumber.pdf.PDF object at 0x0000024FE7032BA0>,1
<pdfplumber.pdf.PDF object at 0x0000024FE7032DB0>,1
<pdfplumber.pdf.PDF object at 0x0000024FE7032FC0>,1
<pdfplumber.pdf.PDF object at 0x0000024FE70331D0>,1
<pdfplumber.pdf.PDF object at 0x0000024FE70333E0>,1
<pdfplumber.pdf.PDF object at 0x0000024FE70335F0>,1
<pdfplumber.pdf.PDF object at 0x0000024FE7033800>,1
<pdfplumber.pdf.PDF object at 0x0000024FE7033A10>,1
<pdfplumber.pdf.PDF object at 0x0000024FE7033C20>,1
<pdfplumber.pdf.PDF object at 0x0000024FE7033E30>,1
<pdfplumber.pdf.PDF object at 0x0000024FE7068100>,1
<pdfplumber.pdf.PDF object at 0x0000024FE7068310>,1
<pdfplumber.pdf.PDF object at 0x0000024FE7068520>,1
<pdfplumber.pdf.PDF object at 0x0000024FE7068730>,1
<pdfplumber.pdf.PDF object at 0x0000024FE7068940>,1
<pdfplumber.pdf.PDF object at 0x0000024FE7068B50>,1
<pdfplumber.pdf.PDF object at 0x0000024FE7068D60>,1
<pdfplumber.pdf.PDF object at 0x0000024FE7068F70>,1
<pdfplumber.pdf.PDF object at 0x0000024FE7069180>,1
<pdfplumber.pdf.PDF object at 0x0000024FE7069390>,1
<pdfplumber.pdf.PDF object at 0x0000024FE70695A0>,1
<pdfplumber.pdf.PDF object at 0x0000024FE70697B0>,1
<pdfplumber.pdf.PDF object at 0x0000024FE70699C0>,1
<pdfplumber.pdf.PDF object at 0x0000024FE7069BD0>,1
<pdfplumber.pdf.PDF object at 0x0000024FE7069DE0>,1
<pdfplumber.pdf.PDF object at 0x0000024FE7069FF0>,1
<pdfplumber.pdf.PDF object at 0x0000024FE706A200>,1
<pdfplumber.pdf.PDF object at 0x0000024FE706A410>,1
<pdfplumber.pdf.PDF object at 0x0000024FE706A620>,1
<pdfplumber.pdf.PDF object at 0x0000024FE706A830>,1
<pdfplumber.pdf.PDF object at 0x0000024FE706AA40>,1
<pdfplumber.pdf.PDF object at 0x0000024FE706AC50>,1
<pdfplumber.pdf.PDF object at 0x0000024FE706AE60>,1
<pdfplumber.pdf.PDF object at 0x0000024FE706B070>,1
<pdfplumber.pdf.PDF object at 0x0000024FE706B280>,1
<pdfplumber.pdf.PDF object at 0x0000024FE706B490>,1
<pdfplumber.pdf.PDF object at 0x0000024FE706B6A0>,1
<pdfplumber.pdf.PDF object at 0x0000024FE706B8B0>,1
<pdfplumber.pdf.PDF object at 0x0000024FE706BAC0>,1
<pdfplumber.pdf.PDF object at 0x0000024FE706BCD0>,1
<pdfplumber.pdf.PDF object at 0x0000024FE706BEE0>,1
<pdfplumber.pdf.PDF object at 0x0000024FE70981B0>,1
<pdfplumber.pdf.PDF object at 0x0000024FE70983C0>,1
<pdfplumber.pdf.PDF object at 0x0000024FE70985D0>,1
<pdfplumber.pdf.PDF object at 0x0000024FE70987E0>,1
<pdfplumber.pdf.PDF object at 0x0000024FE70989F0>,1
<pdfplumber.pdf.PDF object at 0x0000024FE7098C00>,1
<pdfplumber.pdf.PDF object at 0x0000024FE7098E10>,1
<pdfplumber.pdf.PDF object at 0x0000024FE7099020>,1
<pdfplumber.pdf.PDF object at 0x0000024FE7099230>,1
<pdfplumber.pdf.PDF object at 0x0000024FE7099440>,1
<pdfplumber.pdf.PDF object at 0x0000024FE7099650>,1
<pdfplumber.pdf.PDF object at 0x0000024FE7099860>,1
<pdfplumber.pdf.PDF object at 0x0000024FE7099A70>,1
<pdfplumber.pdf.PDF object at 0x0000024FE7099C80>,1
<pdfplumber.pdf.PDF object at 0x0000024FE7099E90>,1
<pdfplumber.pdf.PDF object at 0x0000024FE709A0A0>,1
<pdfplumber.pdf.PDF object at 0x0000024FE709A2B0>,1
<pdfplumber.pdf.PDF object at 0x0000024FE709A4C0>,1
<pdfplumber.pdf.PDF object at 0x0000024FE709A6D0>,1
<pdfplumber.pdf.PDF object at 0x0000024FE709A8E0>,1
<pdfplumber.pdf.PDF object at 0x0000024FE709AAF0>,1
<pdfplumber.pdf.PDF object at 0x0000024FE709AD00>,1
<pdfplumber.pdf.PDF object at 0x0000024FE709AF10>,1
<pdfplumber.pdf.PDF object at 0x0000024FE709B120>,1
<pdfplumber.pdf.PDF object at 0x0000024FE709B330>,1
<pdfplumber.pdf.PDF object at 0x0000024FE709B540>,1
<pdfplumber.pdf.PDF object at 0x0000024FE709B750>,1
<pdfplumber.pdf.PDF object at 0x0000024FE709B960>,1
<pdfplumber.pdf.PDF object at 0x0000024FE709BB70>,1
<pdfplumber.pdf.PDF object at 0x0000024FE709BD80>,1
<pdfplumber.pdf.PDF object at 0x0000024FE70D0050>,1
<pdfplumber.pdf.PDF object at 0x0000024FE70D0260>,1
<pdfplumber.pdf.PDF object at 0x0000024FE70D0470>,1
<pdfplumber.pdf.PDF object at 0x0000024FE70D0680>,2
<pdfplumber.pdf.PDF object at 0x0000024FE70D0890>,2
<pdfplumber.pdf.PDF object at 0x0000024FE70D0AA0>,2
<pdfplumber.pdf.PDF object at 0x0000024FE70D0CB0>,2
<pdfplumber.pdf.PDF object at 0x0000024FE70D0EC0>,2
<pdfplumber.pdf.PDF object at 0x0000024FE70D10D0>,2
<pdfplumber.pdf.PDF object at 0x0000024FE70D12E0>,2
<pdfplumber.pdf.PDF object at 0x0000024FE70D14F0>,2
<pdfplumber.pdf.PDF object at 0x0000024FE70D1700>,2
<pdfplumber.pdf.PDF object at 0x0000024FE70D1910>,2
<pdfplumber.pdf.PDF object at 0x0000024FE70D1B20>,2
<pdfplumber.pdf.PDF object at 0x0000024FE70D1D30>,2
<pdfplumber.pdf.PDF object at 0x0000024FE70D1F40>,2
<pdfplumber.pdf.PDF object at 0x0000024FE70D2150>,2
<pdfplumber.pdf.PDF object at 0x0000024FE70D2360>,2
<pdfplumber.pdf.PDF object at 0x0000024FE70D2570>,2
<pdfplumber.pdf.PDF object at 0x0000024FE70D2780>,2
<pdfplumber.pdf.PDF object at 0x0000024FE70D2990>,2
<pdfplumber.pdf.PDF object at 0x0000024FE70D2BA0>,2
<pdfplumber.pdf.PDF object at 0x0000024FE70D2DB0>,2
<pdfplumber.pdf.PDF object at 0x0000024FE70D2FC0>,2
<pdfplumber.pdf.PDF object at 0x0000024FE70D31D0>,2
<pdfplumber.pdf.PDF object at 0x0000024FE70D33E0>,2
<pdfplumber.pdf.PDF object at 0x0000024FE70D35F0>,2
<pdfplumber.pdf.PDF object at 0x0000024FE70D3800>,2
<pdfplumber.pdf.PDF object at 0x0000024FE70D3A10>,2
<pdfplumber.pdf.PDF object at 0x0000024FE70D3C20>,2
<pdfplumber.pdf.PDF object at 0x0000024FE70D3E30>,2
<pdfplumber.pdf.PDF object at 0x0000024FE7100100>,2
<pdfplumber.pdf.PDF object at 0x0000024FE7100310>,2
<pdfplumber.pdf.PDF object at 0x0000024FE7100520>,2
<pdfplumber.pdf.PDF object at 0x0000024FE7100730>,2
<pdfplumber.pdf.PDF object at 0x0000024FE7100940>,2
<pdfplumber.pdf.PDF object at 0x0000024FE7100B50>,2
<pdfplumber.pdf.PDF object at 0x0000024FE7100D60>,2
<pdfplumber.pdf.PDF object at 0x0000024FE7100F70>,2
<pdfplumber.pdf.PDF object at 0x0000024FE7101180>,2
<pdfplumber.pdf.PDF object at 0x0000024FE7101390>,2
<pdfplumber.pdf.PDF object at 0x0000024FE71015A0>,2
<pdfplumber.pdf.PDF object at 0x0000024FE71017B0>,2
<pdfplumber.pdf.PDF object at 0x0000024FE71019C0>,2
<pdfplumber.pdf.PDF object at 0x0000024FE7101BD0>,2
<pdfplumber.pdf.PDF object at 0x0000024FE7101DE0>,2
<pdfplumber.pdf.PDF object at 0x0000024FE7101FF0>,2
<pdfplumber.pdf.PDF object at 0x0000024FE7102200>,2
<pdfplumber.pdf.PDF object at 0x0000024FE7102410>,2
<pdfplumber.pdf.PDF object at 0x0000024FE7102620>,2
<pdfplumber.pdf.PDF object at 0x0000024FE7102830>,2
<pdfplumber.pdf.PDF object at 0x0000024FE7102A40>,2
<pdfplumber.pdf.PDF object at 0x0000024FE7102C50>,2
<pdfplumber.pdf.PDF object at 0x0000024FE7102E60>,2
<pdfplumber.pdf.PDF object at 0x0000024FE7103070>,2
<pdfplumber.pdf.PDF object at 0x0000024FE7103280>,2
<pdfplumber.pdf.PDF object at 0x0000024FE7103490>,2
<pdfplumber.pdf.PDF object at 0x0000024FE71036A0>,2
<pdfplumber.pdf.PDF object at 0x0000024FE71038B0>,2
<pdfplumber.pdf.PDF object at 0x0000024FE7103AC0>,2
<pdfplumber.pdf.PDF object at 0x0000024FE7103CD0>,2
<pdfplumber.pdf.PDF object at 0x0000024FE7103EE0>,2
<pdfplumber.pdf.PDF object at 0x0000024FE712C1B0>,2
<pdfplumber.pdf.PDF object at 0x0000024FE712C3C0>,2
<pdfplumber.pdf.PDF object at 0x0000024FE712C5D0>,2
<pdfplumber.pdf.PDF object at 0x0000024FE712C7E0>,2
<pdfplumber.pdf.PDF object at 0x0000024FE712C9F0>,3
<pdfplumber.pdf.PDF object at 0x0000024FE712CC00>,3
<pdfplumber.pdf.PDF object at 0x0000024FE712CE10>,3
<pdfplumber.pdf.PDF object at 0x0000024FE712D020>,3
<pdfplumber.pdf.PDF object at 0x0000024FE712D230>,3
<pdfplumber.pdf.PDF object at 0x0000024FE712D440>,3
<pdfplumber.pdf.PDF object at 0x0000024FE712D650>,3
<pdfplumber.pdf.PDF object at 0x0000024FE712D860>,3
<pdfplumber.pdf.PDF object at 0x0000024FE712DA70>,3
<pdfplumber.pdf.PDF object at 0x0000024FE712DC80>,3
<pdfplumber.pdf.PDF object at 0x0000024FE712DE90>,3
<pdfplumber.pdf.PDF object at 0x0000024FE712E0A0>,3
<pdfplumber.pdf.PDF object at 0x0000024FE712E2B0>,3
<pdfplumber.pdf.PDF object at 0x0000024FE712E4C0>,3
<pdfplumber.pdf.PDF object at 0x0000024FE712E6D0>,3
<pdfplumber.pdf.PDF object at 0x0000024FE712E8E0>,3
<pdfplumber.pdf.PDF object at 0x0000024FE712EAF0>,3
<pdfplumber.pdf.PDF object at 0x0000024FE712ED00>,3
<pdfplumber.pdf.PDF object at 0x0000024FE712EF10>,3
<pdfplumber.pdf.PDF object at 0x0000024FE712F120>,3
<pdfplumber.pdf.PDF object at 0x0000024FE712F330>,3
<pdfplumber.pdf.PDF object at 0x0000024FE712F540>,3
<pdfplumber.pdf.PDF object at 0x0000024FE712F750>,3
<pdfplumber.pdf.PDF object at 0x0000024FE712F960>,3
<pdfplumber.pdf.PDF object at 0x0000024FE712FB70>,3
<pdfplumber.pdf.PDF object at 0x0000024FE712FD80>,3
<pdfplumber.pdf.PDF object at 0x0000024FE7160050>,3
<pdfplumber.pdf.PDF object at 0x0000024FE7160260>,3
<pdfplumber.pdf.PDF object at 0x0000024FE7160470>,3
<pdfplumber.pdf.PDF object at 0x0000024FE7160680>,3
<pdfplumber.pdf.PDF object at 0x0000024FE7160890>,3
<pdfplumber.pdf.PDF object at 0x0000024FE7160AA0>,3
<pdfplumber.pdf.PDF object at 0x0000024FE7160CB0>,3
<pdfplumber.pdf.PDF object at 0x0000024FE7160EC0>,3
<pdfplumber.pdf.PDF object at 0x0000024FE71610D0>,3
<pdfplumber.pdf.PDF object at 0x0000024FE71612E0>,3
<pdfplumber.pdf.PDF object at 0x0000024FE71614F0>,3
<pdfplumber.pdf.PDF object at 0x0000024FE7161700>,3
<pdfplumber.pdf.PDF object at 0x0000024FE7161910>,3
<pdfplumber.pdf.PDF object at 0x0000024FE7161B20>,3
<pdfplumber.pdf.PDF object at 0x0000024FE7161D30>,3
<pdfplumber.pdf.PDF object at 0x0000024FE7161F40>,3
<pdfplumber.pdf.PDF object at 0x0000024FE7162150>,3
<pdfplumber.pdf.PDF object at 0x0000024FE7162360>,3
<pdfplumber.pdf.PDF object at 0x0000024FE7162570>,3
<pdfplumber.pdf.PDF object at 0x0000024FE7162780>,3
<pdfplumber.pdf.PDF object at 0x0000024FE7162990>,3
<pdfplumber.pdf.PDF object at 0x0000024FE7162BA0>,3
<pdfplumber.pdf.PDF object at 0x0000024FE7162DB0>,3
<pdfplumber.pdf.PDF object at 0x0000024FE7162FC0>,3
<pdfplumber.pdf.PDF object at 0x0000024FE71631D0>,3
<pdfplumber.pdf.PDF object at 0x0000024FE71633E0>,3
<pdfplumber.pdf.PDF object at 0x0000024FE71635F0>,3
<pdfplumber.pdf.PDF object at 0x0000024FE7163800>,3
<pdfplumber.pdf.PDF object at 0x0000024FE7163A10>,3
<pdfplumber.pdf.PDF object at 0x0000024FE7163C20>,3
<pdfplumber.pdf.PDF object at 0x0000024FE7163E30>,3
<pdfplumber.pdf.PDF object at 0x0000024FE718C100>,3
<pdfplumber.pdf.PDF object at 0x0000024FE718C310>,3
<pdfplumber.pdf.PDF object at 0x0000024FE718C520>,3
<pdfplumber.pdf.PDF object at 0x0000024FE718C730>,3
<pdfplumber.pdf.PDF object at 0x0000024FE718C940>,3
<pdfplumber.pdf.PDF object at 0x0000024FE718CB50>,3
<pdfplumber.pdf.PDF object at 0x0000024FE718CD60>,3
<pdfplumber.pdf.PDF object at 0x0000024FE718CF70>,3
<pdfplumber.pdf.PDF object at 0x0000024FE718D180>,3
<pdfplumber.pdf.PDF object at 0x0000024FE718D390>,3
<pdfplumber.pdf.PDF object at 0x0000024FE718D5A0>,3
<pdfplumber.pdf.PDF object at 0x0000024FE718D7B0>,3
<pdfplumber.pdf.PDF object at 0x0000024FE718D9C0>,3
<pdfplumber.pdf.PDF object at 0x0000024FE718DBD0>,3
<pdfplumber.pdf.PDF object at 0x0000024FE718DDE0>,3
<pdfplumber.pdf.PDF object at 0x0000024FE718DFF0>,3
<pdfplumber.pdf.PDF object at 0x0000024FE718E200>,3
<pdfplumber.pdf.PDF object at 0x0000024FE718E410>,3
<pdfplumber.pdf.PDF object at 0x0000024FE718E620>,3
<pdfplumber.pdf.PDF object at 0x0000024FE718E830>,3
<pdfplumber.pdf.PDF object at 0x0000024FE718EA40>,3
<pdfplumber.pdf.PDF object at 0x0000024FE718EC50>,3
<pdfplumber.pdf.PDF object at 0x0000024FE718EE60>,3
<pdfplumber.pdf.PDF object at 0x0000024FE718F070>,3
<pdfplumber.pdf.PDF object at 0x0000024FE718F280>,3
<pdfplumber.pdf.PDF object at 0x0000024FE718F490>,3
<pdfplumber.pdf.PDF object at 0x0000024FE718F6A0>,3
<pdfplumber.pdf.PDF object at 0x0000024FE718F8B0>,3
<pdfplumber.pdf.PDF object at 0x0000024FE718FAC0>,3
<pdfplumber.pdf.PDF object at 0x0000024FE718FCD0>,3
<pdfplumber.pdf.PDF object at 0x0000024FE718FEE0>,3
<pdfplumber.pdf.PDF object at 0x0000024FE71C41B0>,3
<pdfplumber.pdf.PDF object at 0x0000024FE71C43C0>,3
<pdfplumber.pdf.PDF object at 0x0000024FE71C45D0>,3
<pdfplumber.pdf.PDF object at 0x0000024FE71C47E0>,3
<pdfplumber.pdf.PDF object at 0x0000024FE71C49F0>,3
<pdfplumber.pdf.PDF object at 0x0000024FE71C4C00>,3
<pdfplumber.pdf.PDF object at 0x0000024FE71C4E10>,3
<pdfplumber.pdf.PDF object at 0x0000024FE71C5020>,3
<pdfplumber.pdf.PDF object at 0x0000024FE71C5230>,3
<pdfplumber.pdf.PDF object at 0x0000024FE71C5440>,4
<pdfplumber.pdf.PDF object at 0x0000024FE71C5650>,4
<pdfplumber.pdf.PDF object at 0x0000024FE71C5860>,4
<pdfplumber.pdf.PDF object at 0x0000024FE71C5A70>,4
<pdfplumber.pdf.PDF object at 0x0000024FE71C5C80>,4
<pdfplumber.pdf.PDF object at 0x0000024FE71C5E90>,4
<pdfplumber.pdf.PDF object at 0x0000024FE71C60A0>,4
<pdfplumber.pdf.PDF object at 0x0000024FE71C62B0>,4
<pdfplumber.pdf.PDF object at 0x0000024FE71C64C0>,4
<pdfplumber.pdf.PDF object at 0x0000024FE71C66D0>,4
<pdfplumber.pdf.PDF object at 0x0000024FE71C68E0>,4
<pdfplumber.pdf.PDF object at 0x0000024FE71C6AF0>,4
<pdfplumber.pdf.PDF object at 0x0000024FE71C6D00>,4
<pdfplumber.pdf.PDF object at 0x0000024FE71C6F10>,4
<pdfplumber.pdf.PDF object at 0x0000024FE71C7120>,4
<pdfplumber.pdf.PDF object at 0x0000024FE71C7330>,4
<pdfplumber.pdf.PDF object at 0x0000024FE71C7540>,4
<pdfplumber.pdf.PDF object at 0x0000024FE71C7750>,4
<pdfplumber.pdf.PDF object at 0x0000024FE71C7960>,4
<pdfplumber.pdf.PDF object at 0x0000024FE71C7B70>,4
<pdfplumber.pdf.PDF object at 0x0000024FE71C7D80>,4
<pdfplumber.pdf.PDF object at 0x0000024FF6010050>,4
<pdfplumber.pdf.PDF object at 0x0000024FF6010260>,4
<pdfplumber.pdf.PDF object at 0x0000024FF6010470>,4
<pdfplumber.pdf.PDF object at 0x0000024FF6010680>,4
<pdfplumber.pdf.PDF object at 0x0000024FF6010890>,4
<pdfplumber.pdf.PDF object at 0x0000024FF6010AA0>,4
<pdfplumber.pdf.PDF object at 0x0000024FF6010CB0>,4
<pdfplumber.pdf.PDF object at 0x0000024FF6010EC0>,4
<pdfplumber.pdf.PDF object at 0x0000024FF60110D0>,4
<pdfplumber.pdf.PDF object at 0x0000024FF60112E0>,4
<pdfplumber.pdf.PDF object at 0x0000024FF60114F0>,4
<pdfplumber.pdf.PDF object at 0x0000024FF6011700>,4
<pdfplumber.pdf.PDF object at 0x0000024FF6011910>,4
<pdfplumber.pdf.PDF object at 0x0000024FF6011B20>,4
<pdfplumber.pdf.PDF object at 0x0000024FF6011D30>,4
<pdfplumber.pdf.PDF object at 0x0000024FF6011F40>,4
<pdfplumber.pdf.PDF object at 0x0000024FF6012150>,4
<pdfplumber.pdf.PDF object at 0x0000024FF6012360>,4
<pdfplumber.pdf.PDF object at 0x0000024FF6012570>,4
<pdfplumber.pdf.PDF object at 0x0000024FF6012780>,4
<pdfplumber.pdf.PDF object at 0x0000024FF6012990>,4
<pdfplumber.pdf.PDF object at 0x0000024FF6012BA0>,4
<pdfplumber.pdf.PDF object at 0x0000024FF6012DB0>,4
<pdfplumber.pdf.PDF object at 0x0000024FF6012FC0>,4
<pdfplumber.pdf.PDF object at 0x0000024FF60131D0>,4
<pdfplumber.pdf.PDF object at 0x0000024FF60133E0>,4
<pdfplumber.pdf.PDF object at 0x0000024FF60135F0>,4
<pdfplumber.pdf.PDF object at 0x0000024FF6013800>,4
<pdfplumber.pdf.PDF object at 0x0000024FF6013A10>,4
<pdfplumber.pdf.PDF object at 0x0000024FF6013C20>,4
<pdfplumber.pdf.PDF object at 0x0000024FF6013E30>,4
<pdfplumber.pdf.PDF object at 0x0000024FF6044100>,4
<pdfplumber.pdf.PDF object at 0x0000024FF6044310>,4
<pdfplumber.pdf.PDF object at 0x0000024FF6044520>,4
<pdfplumber.pdf.PDF object at 0x0000024FF6044730>,4
<pdfplumber.pdf.PDF object at 0x0000024FF6044940>,4
<pdfplumber.pdf.PDF object at 0x0000024FF6044B50>,4
<pdfplumber.pdf.PDF object at 0x0000024FF6044D60>,4
<pdfplumber.pdf.PDF object at 0x0000024FF6044F70>,4
<pdfplumber.pdf.PDF object at 0x0000024FF6045180>,4
<pdfplumber.pdf.PDF object at 0x0000024FF6045390>,4
<pdfplumber.pdf.PDF object at 0x0000024FF60455A0>,4
<pdfplumber.pdf.PDF object at 0x0000024FF60457B0>,4
<pdfplumber.pdf.PDF object at 0x0000024FF60459C0>,4
<pdfplumber.pdf.PDF object at 0x0000024FF6045BD0>,4
<pdfplumber.pdf.PDF object at 0x0000024FF6045DE0>,4
<pdfplumber.pdf.PDF object at 0x0000024FF6045FF0>,4
<pdfplumber.pdf.PDF object at 0x0000024FF6046200>,4
<pdfplumber.pdf.PDF object at 0x0000024FF6046410>,4
<pdfplumber.pdf.PDF object at 0x0000024FF6046620>,4
<pdfplumber.pdf.PDF object at 0x0000024FF6046830>,4
<pdfplumber.pdf.PDF object at 0x0000024FF6046A40>,4
<pdfplumber.pdf.PDF object at 0x0000024FF6046C50>,4
<pdfplumber.pdf.PDF object at 0x0000024FF6046E60>,4
<pdfplumber.pdf.PDF object at 0x0000024FF6047070>,4
<pdfplumber.pdf.PDF object at 0x0000024FF6047280>,4
<pdfplumber.pdf.PDF object at 0x0000024FF6047490>,4
<pdfplumber.pdf.PDF object at 0x0000024FF60476A0>,4
<pdfplumber.pdf.PDF object at 0x0000024FF60478B0>,4
<pdfplumber.pdf.PDF object at 0x0000024FF6047AC0>,4
<pdfplumber.pdf.PDF object at 0x0000024FF6047CD0>,4
<pdfplumber.pdf.PDF object at 0x0000024FF6047EE0>,4
<pdfplumber.pdf.PDF object at 0x0000024FF60701B0>,4
<pdfplumber.pdf.PDF object at 0x0000024FF60703C0>,4
<pdfplumber.pdf.PDF object at 0x0000024FF60705D0>,4
<pdfplumber.pdf.PDF object at 0x0000024FF60707E0>,4
<pdfplumber.pdf.PDF object at 0x0000024FF60709F0>,4
<pdfplumber.pdf.PDF object at 0x0000024FF6070C00>,4
<pdfplumber.pdf.PDF object at 0x0000024FF6070E10>,4
<pdfplumber.pdf.PDF object at 0x0000024FF6071020>,4
<pdfplumber.pdf.PDF object at 0x0000024FF6071230>,4
<pdfplumber.pdf.PDF object at 0x0000024FF6071440>,4
<pdfplumber.pdf.PDF object at 0x0000024FF6071650>,4
<pdfplumber.pdf.PDF object at 0x0000024FF6071860>,4
<pdfplumber.pdf.PDF object at 0x0000024FF6071A70>,4
<pdfplumber.pdf.PDF object at 0x0000024FF6071C80>,4
<pdfplumber.pdf.PDF object at 0x0000024FF6071E90>,4
<pdfplumber.pdf.PDF object at 0x0000024FF60720A0>,4
<pdfplumber.pdf.PDF object at 0x0000024FF60722B0>,4
<pdfplumber.pdf.PDF object at 0x0000024FF60724C0>,4
<pdfplumber.pdf.PDF object at 0x0000024FF60726D0>,4
<pdfplumber.pdf.PDF object at 0x0000024FF60728E0>,4
<pdfplumber.pdf.PDF object at 0x0000024FF6072AF0>,5
<pdfplumber.pdf.PDF object at 0x0000024FF6072D00>,5
<pdfplumber.pdf.PDF object at 0x0000024FF6072F10>,5
<pdfplumber.pdf.PDF object at 0x0000024FF6073120>,5
<pdfplumber.pdf.PDF object at 0x0000024FF6073330>,5
<pdfplumber.pdf.PDF object at 0x0000024FF6073540>,5
<pdfplumber.pdf.PDF object at 0x0000024FF6073750>,5
<pdfplumber.pdf.PDF object at 0x0000024FF6073960>,5
<pdfplumber.pdf.PDF object at 0x0000024FF6073B70>,5
<pdfplumber.pdf.PDF object at 0x0000024FF6073D80>,5
<pdfplumber.pdf.PDF object at 0x0000024FF60A8050>,5
<pdfplumber.pdf.PDF object at 0x0000024FF60A8260>,5
<pdfplumber.pdf.PDF object at 0x0000024FF60A8470>,5
<pdfplumber.pdf.PDF object at 0x0000024FF60A8680>,5
<pdfplumber.pdf.PDF object at 0x0000024FF60A8890>,5
<pdfplumber.pdf.PDF object at 0x0000024FF60A8AA0>,5
<pdfplumber.pdf.PDF object at 0x0000024FF60A8CB0>,5
<pdfplumber.pdf.PDF object at 0x0000024FF60A8EC0>,5
<pdfplumber.pdf.PDF object at 0x0000024FF60A90D0>,5
<pdfplumber.pdf.PDF object at 0x0000024FF60A92E0>,5
<pdfplumber.pdf.PDF object at 0x0000024FF60A94F0>,5
<pdfplumber.pdf.PDF object at 0x0000024FF60A9700>,5
<pdfplumber.pdf.PDF object at 0x0000024FF60A9910>,5
<pdfplumber.pdf.PDF object at 0x0000024FF60A9B20>,5
<pdfplumber.pdf.PDF object at 0x0000024FF60A9D30>,5
<pdfplumber.pdf.PDF object at 0x0000024FF60A9F40>,5
<pdfplumber.pdf.PDF object at 0x0000024FF60AA150>,5
<pdfplumber.pdf.PDF object at 0x0000024FF60AA360>,5
<pdfplumber.pdf.PDF object at 0x0000024FF60AA570>,5
<pdfplumber.pdf.PDF object at 0x0000024FF60AA780>,5
<pdfplumber.pdf.PDF object at 0x0000024FF60AA990>,5
<pdfplumber.pdf.PDF object at 0x0000024FF60AABA0>,5
<pdfplumber.pdf.PDF object at 0x0000024FF60AADB0>,5
<pdfplumber.pdf.PDF object at 0x0000024FF60AAFC0>,5
<pdfplumber.pdf.PDF object at 0x0000024FF60AB1D0>,5
<pdfplumber.pdf.PDF object at 0x0000024FF60AB3E0>,5
<pdfplumber.pdf.PDF object at 0x0000024FF60AB5F0>,6
<pdfplumber.pdf.PDF object at 0x0000024FF60AB800>,6
<pdfplumber.pdf.PDF object at 0x0000024FF60ABA10>,6
<pdfplumber.pdf.PDF object at 0x0000024FF60ABC20>,6
<pdfplumber.pdf.PDF object at 0x0000024FF60ABE30>,6
<pdfplumber.pdf.PDF object at 0x0000024FF60D8100>,6
<pdfplumber.pdf.PDF object at 0x0000024FF60D8310>,6
<pdfplumber.pdf.PDF object at 0x0000024FF60D8520>,6
<pdfplumber.pdf.PDF object at 0x0000024FF60D8730>,6
<pdfplumber.pdf.PDF object at 0x0000024FF60D8940>,6
<pdfplumber.pdf.PDF object at 0x0000024FF60D8B50>,6
<pdfplumber.pdf.PDF object at 0x0000024FF60D8D60>,6
<pdfplumber.pdf.PDF object at 0x0000024FF60D8F70>,6
<pdfplumber.pdf.PDF object at 0x0000024FF60D9180>,6
<pdfplumber.pdf.PDF object at 0x0000024FF60D9390>,6
<pdfplumber.pdf.PDF object at 0x0000024FF60D95A0>,6
<pdfplumber.pdf.PDF object at 0x0000024FF60D97B0>,6
<pdfplumber.pdf.PDF object at 0x0000024FF60D99C0>,6
<pdfplumber.pdf.PDF object at 0x0000024FF60D9BD0>,6
<pdfplumber.pdf.PDF object at 0x0000024FF60D9DE0>,6
<pdfplumber.pdf.PDF object at 0x0000024FF60D9FF0>,6
<pdfplumber.pdf.PDF object at 0x0000024FF60DA200>,6
<pdfplumber.pdf.PDF object at 0x0000024FF60DA410>,6
<pdfplumber.pdf.PDF object at 0x0000024FF60DA620>,6
<pdfplumber.pdf.PDF object at 0x0000024FF60DA830>,6
<pdfplumber.pdf.PDF object at 0x0000024FF60DAA40>,6
<pdfplumber.pdf.PDF object at 0x0000024FF60DAC50>,6
<pdfplumber.pdf.PDF object at 0x0000024FF60DAE60>,6
<pdfplumber.pdf.PDF object at 0x0000024FF60DB070>,6
<pdfplumber.pdf.PDF object at 0x0000024FF60DB280>,6
<pdfplumber.pdf.PDF object at 0x0000024FF60DB490>,6
<pdfplumber.pdf.PDF object at 0x0000024FF60DB6A0>,6
<pdfplumber.pdf.PDF object at 0x0000024FF60DB8B0>,6
<pdfplumber.pdf.PDF object at 0x0000024FF60DBAC0>,6
<pdfplumber.pdf.PDF object at 0x0000024FF60DBCD0>,6
<pdfplumber.pdf.PDF object at 0x0000024FF60DBEE0>,6
<pdfplumber.pdf.PDF object at 0x0000024FF61001B0>,6
<pdfplumber.pdf.PDF object at 0x0000024FF61003C0>,6
<pdfplumber.pdf.PDF object at 0x0000024FF61005D0>,6
<pdfplumber.pdf.PDF object at 0x0000024FF61007E0>,6
<pdfplumber.pdf.PDF object at 0x0000024FF61009F0>,6
<pdfplumber.pdf.PDF object at 0x0000024FF6100C00>,6
<pdfplumber.pdf.PDF object at 0x0000024FF6100E10>,6
<pdfplumber.pdf.PDF object at 0x0000024FF6101020>,6
<pdfplumber.pdf.PDF object at 0x0000024FF6101230>,6
<pdfplumber.pdf.PDF object at 0x0000024FF6101440>,6
<pdfplumber.pdf.PDF object at 0x0000024FF6101650>,6
<pdfplumber.pdf.PDF object at 0x0000024FF6101860>,6
<pdfplumber.pdf.PDF object at 0x0000024FF6101A70>,6
<pdfplumber.pdf.PDF object at 0x0000024FF6101C80>,6
<pdfplumber.pdf.PDF object at 0x0000024FF6101E90>,6
<pdfplumber.pdf.PDF object at 0x0000024FF61020A0>,6
<pdfplumber.pdf.PDF object at 0x0000024FF61022B0>,6
<pdfplumber.pdf.PDF object at 0x0000024FF61024C0>,6
<pdfplumber.pdf.PDF object at 0x0000024FF61026D0>,6
<pdfplumber.pdf.PDF object at 0x0000024FF61028E0>,6
<pdfplumber.pdf.PDF object at 0x0000024FF6102AF0>,6
<pdfplumber.pdf.PDF object at 0x0000024FF6102D00>,6
<pdfplumber.pdf.PDF object at 0x0000024FF6102F10>,6
<pdfplumber.pdf.PDF object at 0x0000024FF6103120>,6
<pdfplumber.pdf.PDF object at 0x0000024FF6103330>,6
<pdfplumber.pdf.PDF object at 0x0000024FF6103540>,6
<pdfplumber.pdf.PDF object at 0x0000024FF6103750>,6
<pdfplumber.pdf.PDF object at 0x0000024FF6103960>,6
<pdfplumber.pdf.PDF object at 0x0000024FF6103B70>,6
<pdfplumber.pdf.PDF object at 0x0000024FF6103D80>,6
<pdfplumber.pdf.PDF object at 0x0000024FF6130050>,6
<pdfplumber.pdf.PDF object at 0x0000024FF6130260>,6
<pdfplumber.pdf.PDF object at 0x0000024FF6130470>,6
<pdfplumber.pdf.PDF object at 0x0000024FF6130680>,6
<pdfplumber.pdf.PDF object at 0x0000024FF6130890>,6
<pdfplumber.pdf.PDF object at 0x0000024FF6130AA0>,6
<pdfplumber.pdf.PDF object at 0x0000024FF6130CB0>,6
<pdfplumber.pdf.PDF object at 0x0000024FF6130EC0>,6
<pdfplumber.pdf.PDF object at 0x0000024FF61310D0>,6
<pdfplumber.pdf.PDF object at 0x0000024FF61312E0>,6
<pdfplumber.pdf.PDF object at 0x0000024FF61314F0>,6
<pdfplumber.pdf.PDF object at 0x0000024FF6131700>,6
<pdfplumber.pdf.PDF object at 0x0000024FF6131910>,6
<pdfplumber.pdf.PDF object at 0x0000024FF6131B20>,6
<pdfplumber.pdf.PDF object at 0x0000024FF6131D30>,6
<pdfplumber.pdf.PDF object at 0x0000024FF6131F40>,6
<pdfplumber.pdf.PDF object at 0x0000024FF6132150>,6
<pdfplumber.pdf.PDF object at 0x0000024FF6132360>,6
<pdfplumber.pdf.PDF object at 0x0000024FF6132570>,6
<pdfplumber.pdf.PDF object at 0x0000024FF6132780>,6
<pdfplumber.pdf.PDF object at 0x0000024FF6132990>,6
<pdfplumber.pdf.PDF object at 0x0000024FF6132BA0>,6
<pdfplumber.pdf.PDF object at 0x0000024FF6132DB0>,6
<pdfplumber.pdf.PDF object at 0x0000024FF6132FC0>,6
<pdfplumber.pdf.PDF object at 0x0000024FF61331D0>,6
<pdfplumber.pdf.PDF object at 0x0000024FF61333E0>,6
<pdfplumber.pdf.PDF object at 0x0000024FF61335F0>,6
<pdfplumber.pdf.PDF object at 0x0000024FF6133800>,6
<pdfplumber.pdf.PDF object at 0x0000024FF6133A10>,6
<pdfplumber.pdf.PDF object at 0x0000024FF6133C20>,6
<pdfplumber.pdf.PDF object at 0x0000024FF6133E30>,6
<pdfplumber.pdf.PDF object at 0x0000024FF6168100>,6
<pdfplumber.pdf.PDF object at 0x0000024FF6168310>,6
<pdfplumber.pdf.PDF object at 0x0000024FF6168520>,6
<pdfplumber.pdf.PDF object at 0x0000024FF6168730>,6
<pdfplumber.pdf.PDF object at 0x0000024FF6168940>,6
<pdfplumber.pdf.PDF object at 0x0000024FF6168B50>,6
<pdfplumber.pdf.PDF object at 0x0000024FF6168D60>,6
<pdfplumber.pdf.PDF object at 0x0000024FF6168F70>,6
<pdfplumber.pdf.PDF object at 0x0000024FF6169180>,6
<pdfplumber.pdf.PDF object at 0x0000024FF6169390>,6
<pdfplumber.pdf.PDF object at 0x0000024FF61695A0>,6
<pdfplumber.pdf.PDF object at 0x0000024FF61697B0>,6
<pdfplumber.pdf.PDF object at 0x0000024FF61699C0>,6
<pdfplumber.pdf.PDF object at 0x0000024FF6169BD0>,6
<pdfplumber.pdf.PDF object at 0x0000024FF6169DE0>,6
<pdfplumber.pdf.PDF object at 0x0000024FF6169FF0>,6
<pdfplumber.pdf.PDF object at 0x0000024FF616A200>,6
<pdfplumber.pdf.PDF object at 0x0000024FF616A410>,6
<pdfplumber.pdf.PDF object at 0x0000024FF616A620>,6
<pdfplumber.pdf.PDF object at 0x0000024FF616A830>,6
<pdfplumber.pdf.PDF object at 0x0000024FF616AA40>,7
<pdfplumber.pdf.PDF object at 0x0000024FF616AC50>,7
<pdfplumber.pdf.PDF object at 0x0000024FF616AE60>,7
<pdfplumber.pdf.PDF object at 0x0000024FF616B070>,7
<pdfplumber.pdf.PDF object at 0x0000024FF616B280>,7
<pdfplumber.pdf.PDF object at 0x0000024FF616B490>,7
<pdfplumber.pdf.PDF object at 0x0000024FF616B6A0>,7
<pdfplumber.pdf.PDF object at 0x0000024FF616B8B0>,7
<pdfplumber.pdf.PDF object at 0x0000024FF616BAC0>,7
<pdfplumber.pdf.PDF object at 0x0000024FF616BCD0>,7
<pdfplumber.pdf.PDF object at 0x0000024FF616BEE0>,7
<pdfplumber.pdf.PDF object at 0x0000024FF61901B0>,7
<pdfplumber.pdf.PDF object at 0x0000024FF61903C0>,7
<pdfplumber.pdf.PDF object at 0x0000024FF61905D0>,7
<pdfplumber.pdf.PDF object at 0x0000024FF61907E0>,7
<pdfplumber.pdf.PDF object at 0x0000024FF61909F0>,7
<pdfplumber.pdf.PDF object at 0x0000024FF6190C00>,7
<pdfplumber.pdf.PDF object at 0x0000024FF6190E10>,7
<pdfplumber.pdf.PDF object at 0x0000024FF6191020>,7
<pdfplumber.pdf.PDF object at 0x0000024FF6191230>,7
<pdfplumber.pdf.PDF object at 0x0000024FF6191440>,7
<pdfplumber.pdf.PDF object at 0x0000024FF6191650>,7
<pdfplumber.pdf.PDF object at 0x0000024FF6191860>,7
<pdfplumber.pdf.PDF object at 0x0000024FF6191A70>,7
<pdfplumber.pdf.PDF object at 0x0000024FF6191C80>,7
<pdfplumber.pdf.PDF object at 0x0000024FF6191E90>,7
<pdfplumber.pdf.PDF object at 0x0000024FF61920A0>,7
<pdfplumber.pdf.PDF object at 0x0000024FF61922B0>,7
<pdfplumber.pdf.PDF object at 0x0000024FF61924C0>,7
<pdfplumber.pdf.PDF object at 0x0000024FF61926D0>,7
<pdfplumber.pdf.PDF object at 0x0000024FF61928E0>,7
<pdfplumber.pdf.PDF object at 0x0000024FF6192AF0>,7
<pdfplumber.pdf.PDF object at 0x0000024FF6192D00>,7
<pdfplumber.pdf.PDF object at 0x0000024FF6192F10>,7
<pdfplumber.pdf.PDF object at 0x0000024FF6193120>,7
<pdfplumber.pdf.PDF object at 0x0000024FF6193330>,7
<pdfplumber.pdf.PDF object at 0x0000024FF6193540>,7
<pdfplumber.pdf.PDF object at 0x0000024FF6193750>,7
<pdfplumber.pdf.PDF object at 0x0000024FF6193960>,7
<pdfplumber.pdf.PDF object at 0x0000024FF6193B70>,7
<pdfplumber.pdf.PDF object at 0x0000024FF6193D80>,7
<pdfplumber.pdf.PDF object at 0x0000024FF61C4050>,7
<pdfplumber.pdf.PDF object at 0x0000024FF61C4260>,7
<pdfplumber.pdf.PDF object at 0x0000024FF61C4470>,7
<pdfplumber.pdf.PDF object at 0x0000024FF61C4680>,7
<pdfplumber.pdf.PDF object at 0x0000024FF61C4890>,7
<pdfplumber.pdf.PDF object at 0x0000024FF61C4AA0>,7
<pdfplumber.pdf.PDF object at 0x0000024FF61C4CB0>,7
<pdfplumber.pdf.PDF object at 0x0000024FF61C4EC0>,7
<pdfplumber.pdf.PDF object at 0x0000024FF61C50D0>,7
<pdfplumber.pdf.PDF object at 0x0000024FF61C52E0>,7
<pdfplumber.pdf.PDF object at 0x0000024FF61C54F0>,7
<pdfplumber.pdf.PDF object at 0x0000024FF61C5700>,7
<pdfplumber.pdf.PDF object at 0x0000024FF61C5910>,7
<pdfplumber.pdf.PDF object at 0x0000024FF61C5B20>,7
<pdfplumber.pdf.PDF object at 0x0000024FF61C5D30>,7
<pdfplumber.pdf.PDF object at 0x0000024FF61C5F40>,7
<pdfplumber.pdf.PDF object at 0x0000024FF61C6150>,7
<pdfplumber.pdf.PDF object at 0x0000024FF61C6360>,7
<pdfplumber.pdf.PDF object at 0x0000024FF61C6570>,7
<pdfplumber.pdf.PDF object at 0x0000024FF61C6780>,7
<pdfplumber.pdf.PDF object at 0x0000024FF61C6990>,7
<pdfplumber.pdf.PDF object at 0x0000024FF61C6BA0>,7
<pdfplumber.pdf.PDF object at 0x0000024FF61C6DB0>,7
<pdfplumber.pdf.PDF object at 0x0000024FF61C6FC0>,7
<pdfplumber.pdf.PDF object at 0x0000024FF61C71D0>,7
<pdfplumber.pdf.PDF object at 0x0000024FF61C73E0>,7
<pdfplumber.pdf.PDF object at 0x0000024FF61C75F0>,7
<pdfplumber.pdf.PDF object at 0x0000024FF61C7800>,7
<pdfplumber.pdf.PDF object at 0x0000024FF61C7A10>,7
<pdfplumber.pdf.PDF object at 0x0000024FF61C7C20>,7
<pdfplumber.pdf.PDF object at 0x0000024FF61C7E30>,7
<pdfplumber.pdf.PDF object at 0x0000024FF61FC100>,7
<pdfplumber.pdf.PDF object at 0x0000024FF61FC310>,7
<pdfplumber.pdf.PDF object at 0x0000024FF61FC520>,7
<pdfplumber.pdf.PDF object at 0x0000024FF61FC730>,7
<pdfplumber.pdf.PDF object at 0x0000024FF61FC940>,7
<pdfplumber.pdf.PDF object at 0x0000024FF61FCB50>,7
<pdfplumber.pdf.PDF object at 0x0000024FF61FCD60>,7
<pdfplumber.pdf.PDF object at 0x0000024FF61FCF70>,7
<pdfplumber.pdf.PDF object at 0x0000024FF61FD180>,7
<pdfplumber.pdf.PDF object at 0x0000024FF61FD390>,7
<pdfplumber.pdf.PDF object at 0x0000024FF61FD5A0>,7
<pdfplumber.pdf.PDF object at 0x0000024FF61FD7B0>,7
<pdfplumber.pdf.PDF object at 0x0000024FF61FD9C0>,7
<pdfplumber.pdf.PDF object at 0x0000024FF61FDBD0>,7
<pdfplumber.pdf.PDF object at 0x0000024FF61FDDE0>,7
<pdfplumber.pdf.PDF object at 0x0000024FF61FDFF0>,7
<pdfplumber.pdf.PDF object at 0x0000024FF61FE200>,7
<pdfplumber.pdf.PDF object at 0x0000024FF61FE410>,7
<pdfplumber.pdf.PDF object at 0x0000024FF61FE620>,7
<pdfplumber.pdf.PDF object at 0x0000024FF61FE830>,7
<pdfplumber.pdf.PDF object at 0x0000024FF61FEA40>,7
<pdfplumber.pdf.PDF object at 0x0000024FF61FEC50>,7
<pdfplumber.pdf.PDF object at 0x0000024FF61FEE60>,7
<pdfplumber.pdf.PDF object at 0x0000024FF61FF070>,7
<pdfplumber.pdf.PDF object at 0x0000024FF61FF280>,7
<pdfplumber.pdf.PDF object at 0x0000024FF61FF490>,7
<pdfplumber.pdf.PDF object at 0x0000024FF61FF6A0>,7
<pdfplumber.pdf.PDF object at 0x0000024FF61FF8B0>,7
<pdfplumber.pdf.PDF object at 0x0000024FF61FFAC0>,7
<pdfplumber.pdf.PDF object at 0x0000024FF61FFCD0>,7
<pdfplumber.pdf.PDF object at 0x0000024FF61FFEE0>,7
<pdfplumber.pdf.PDF object at 0x0000024FF71F41B0>,7
<pdfplumber.pdf.PDF object at 0x0000024FF71F43C0>,7
<pdfplumber.pdf.PDF object at 0x0000024FF71F45D0>,7
<pdfplumber.pdf.PDF object at 0x0000024FF71F47E0>,7
<pdfplumber.pdf.PDF object at 0x0000024FF71F49F0>,7
<pdfplumber.pdf.PDF object at 0x0000024FF71F4C00>,7
<pdfplumber.pdf.PDF object at 0x0000024FF71F4E10>,7
<pdfplumber.pdf.PDF object at 0x0000024FF71F5020>,7
<pdfplumber.pdf.PDF object at 0x0000024FF71F5230>,7
<pdfplumber.pdf.PDF object at 0x0000024FF71F5440>,7
<pdfplumber.pdf.PDF object at 0x0000024FF71F5650>,7
<pdfplumber.pdf.PDF object at 0x0000024FF71F5860>,7
<pdfplumber.pdf.PDF object at 0x0000024FF71F5A70>,8
<pdfplumber.pdf.PDF object at 0x0000024FF71F5C80>,8
<pdfplumber.pdf.PDF object at 0x0000024FF71F5E90>,8
<pdfplumber.pdf.PDF object at 0x0000024FF71F60A0>,8
<pdfplumber.pdf.PDF object at 0x0000024FF71F62B0>,8
<pdfplumber.pdf.PDF object at 0x0000024FF71F64C0>,8
<pdfplumber.pdf.PDF object at 0x0000024FF71F66D0>,8
<pdfplumber.pdf.PDF object at 0x0000024FF71F68E0>,8
<pdfplumber.pdf.PDF object at 0x0000024FF71F6AF0>,8
<pdfplumber.pdf.PDF object at 0x0000024FF71F6D00>,8
<pdfplumber.pdf.PDF object at 0x0000024FF71F6F10>,8
<pdfplumber.pdf.PDF object at 0x0000024FF71F7120>,8
<pdfplumber.pdf.PDF object at 0x0000024FF71F7330>,8
<pdfplumber.pdf.PDF object at 0x0000024FF71F7540>,8
<pdfplumber.pdf.PDF object at 0x0000024FF71F7750>,8
<pdfplumber.pdf.PDF object at 0x0000024FF71F7960>,8
<pdfplumber.pdf.PDF object at 0x0000024FF71F7B70>,8
<pdfplumber.pdf.PDF object at 0x0000024FF71F7D80>,8
<pdfplumber.pdf.PDF object at 0x0000024FF7228050>,8
<pdfplumber.pdf.PDF object at 0x0000024FF7228260>,8
<pdfplumber.pdf.PDF object at 0x0000024FF7228470>,8
<pdfplumber.pdf.PDF object at 0x0000024FF7228680>,8
<pdfplumber.pdf.PDF object at 0x0000024FF7228890>,9
<pdfplumber.pdf.PDF object at 0x0000024FF7228AA0>,9
<pdfplumber.pdf.PDF object at 0x0000024FF7228CB0>,9
<pdfplumber.pdf.PDF object at 0x0000024FF7228EC0>,9
<pdfplumber.pdf.PDF object at 0x0000024FF72290D0>,9
<pdfplumber.pdf.PDF object at 0x0000024FF72292E0>,9
<pdfplumber.pdf.PDF object at 0x0000024FF72294F0>,9
<pdfplumber.pdf.PDF object at 0x0000024FF7229700>,9
<pdfplumber.pdf.PDF object at 0x0000024FF7229910>,9
<pdfplumber.pdf.PDF object at 0x0000024FF7229B20>,9
<pdfplumber.pdf.PDF object at 0x0000024FF7229D30>,9
<pdfplumber.pdf.PDF object at 0x0000024FF7229F40>,9
<pdfplumber.pdf.PDF object at 0x0000024FF722A150>,9
<pdfplumber.pdf.PDF object at 0x0000024FF722A360>,9
<pdfplumber.pdf.PDF object at 0x0000024FF722A570>,9
<pdfplumber.pdf.PDF object at 0x0000024FF722A780>,9
<pdfplumber.pdf.PDF object at 0x0000024FF722A990>,9
<pdfplumber.pdf.PDF object at 0x0000024FF722ABA0>,9
<pdfplumber.pdf.PDF object at 0x0000024FF722ADB0>,9
<pdfplumber.pdf.PDF object at 0x0000024FF722AFC0>,9
<pdfplumber.pdf.PDF object at 0x0000024FF722B1D0>,9
<pdfplumber.pdf.PDF object at 0x0000024FF722B3E0>,9
<pdfplumber.pdf.PDF object at 0x0000024FF722B5F0>,9
<pdfplumber.pdf.PDF object at 0x0000024FF722B800>,9
<pdfplumber.pdf.PDF object at 0x0000024FF722BA10>,9
<pdfplumber.pdf.PDF object at 0x0000024FF722BC20>,9
<pdfplumber.pdf.PDF object at 0x0000024FF722BE30>,9
<pdfplumber.pdf.PDF object at 0x0000024FF7260100>,9
<pdfplumber.pdf.PDF object at 0x0000024FF7260310>,9
<pdfplumber.pdf.PDF object at 0x0000024FF7260520>,9
<pdfplumber.pdf.PDF object at 0x0000024FF7260730>,9
<pdfplumber.pdf.PDF object at 0x0000024FF7260940>,9
<pdfplumber.pdf.PDF object at 0x0000024FF7260B50>,9
<pdfplumber.pdf.PDF object at 0x0000024FF7260D60>,9
<pdfplumber.pdf.PDF object at 0x0000024FF7260F70>,9
<pdfplumber.pdf.PDF object at 0x0000024FF7261180>,9
<pdfplumber.pdf.PDF object at 0x0000024FF7261390>,9
<pdfplumber.pdf.PDF object at 0x0000024FF72615A0>,9
<pdfplumber.pdf.PDF object at 0x0000024FF72617B0>,9
<pdfplumber.pdf.PDF object at 0x0000024FF72619C0>,9
<pdfplumber.pdf.PDF object at 0x0000024FF7261BD0>,9
<pdfplumber.pdf.PDF object at 0x0000024FF7261DE0>,9
<pdfplumber.pdf.PDF object at 0x0000024FF7261FF0>,9
<pdfplumber.pdf.PDF object at 0x0000024FF7262200>,9
<pdfplumber.pdf.PDF object at 0x0000024FF7262410>,9
<pdfplumber.pdf.PDF object at 0x0000024FF7262620>,9
<pdfplumber.pdf.PDF object at 0x0000024FF7262830>,9
<pdfplumber.pdf.PDF object at 0x0000024FF7262A40>,9
<pdfplumber.pdf.PDF object at 0x0000024FF7262C50>,9
<pdfplumber.pdf.PDF object at 0x0000024FF7262E60>,9
<pdfplumber.pdf.PDF object at 0x0000024FF7263070>,9
<pdfplumber.pdf.PDF object at 0x0000024FF7263280>,9
<pdfplumber.pdf.PDF object at 0x0000024FF7263490>,9
<pdfplumber.pdf.PDF object at 0x0000024FF72636A0>,9
<pdfplumber.pdf.PDF object at 0x0000024FF72638B0>,9
<pdfplumber.pdf.PDF object at 0x0000024FF7263AC0>,9
<pdfplumber.pdf.PDF object at 0x0000024FF7263CD0>,9
<pdfplumber.pdf.PDF object at 0x0000024FF7263EE0>,9
<pdfplumber.pdf.PDF object at 0x0000024FF72941B0>,9
<pdfplumber.pdf.PDF object at 0x0000024FF72943C0>,9
<pdfplumber.pdf.PDF object at 0x0000024FF72945D0>,9
<pdfplumber.pdf.PDF object at 0x0000024FF72947E0>,9
<pdfplumber.pdf.PDF object at 0x0000024FF72949F0>,9
<pdfplumber.pdf.PDF object at 0x0000024FF7294C00>,9
<pdfplumber.pdf.PDF object at 0x0000024FF7294E10>,9
<pdfplumber.pdf.PDF object at 0x0000024FF7295020>,9
<pdfplumber.pdf.PDF object at 0x0000024FF7295230>,9
<pdfplumber.pdf.PDF object at 0x0000024FF7295440>,9
<pdfplumber.pdf.PDF object at 0x0000024FF7295650>,9
<pdfplumber.pdf.PDF object at 0x0000024FF7295860>,9
<pdfplumber.pdf.PDF object at 0x0000024FF7295A70>,9
<pdfplumber.pdf.PDF object at 0x0000024FF7295C80>,9
<pdfplumber.pdf.PDF object at 0x0000024FF7295E90>,9
<pdfplumber.pdf.PDF object at 0x0000024FF72960A0>,9
<pdfplumber.pdf.PDF object at 0x0000024FF72962B0>,9
<pdfplumber.pdf.PDF object at 0x0000024FF72964C0>,9
<pdfplumber.pdf.PDF object at 0x0000024FF72966D0>,9
<pdfplumber.pdf.PDF object at 0x0000024FF72968E0>,9
<pdfplumber.pdf.PDF object at 0x0000024FF7296AF0>,9
<pdfplumber.pdf.PDF object at 0x0000024FF7296D00>,9
<pdfplumber.pdf.PDF object at 0x0000024FF7296F10>,9
<pdfplumber.pdf.PDF object at 0x0000024FF7297120>,9
<pdfplumber.pdf.PDF object at 0x0000024FF7297330>,9
<pdfplumber.pdf.PDF object at 0x0000024FF7297540>,9
<pdfplumber.pdf.PDF object at 0x0000024FF7297750>,9
<pdfplumber.pdf.PDF object at 0x0000024FF7297960>,9
<pdfplumber.pdf.PDF object at 0x0000024FF7297B70>,9
<pdfplumber.pdf.PDF object at 0x0000024FF7297D80>,9
<pdfplumber.pdf.PDF object at 0x0000024FF72BC050>,9
<pdfplumber.pdf.PDF object at 0x0000024FF72BC260>,9
<pdfplumber.pdf.PDF object at 0x0000024FF72BC470>,9
<pdfplumber.pdf.PDF object at 0x0000024FF72BC680>,9
<pdfplumber.pdf.PDF object at 0x0000024FF72BC890>,9
<pdfplumber.pdf.PDF object at 0x0000024FF72BCAA0>,9
<pdfplumber.pdf.PDF object at 0x0000024FF72BCCB0>,9
<pdfplumber.pdf.PDF object at 0x0000024FF72BCEC0>,9
<pdfplumber.pdf.PDF object at 0x0000024FF72BD0D0>,9
<pdfplumber.pdf.PDF object at 0x0000024FF72BD2E0>,9
<pdfplumber.pdf.PDF object at 0x0000024FF72BD4F0>,9
<pdfplumber.pdf.PDF object at 0x0000024FF72BD700>,9
<pdfplumber.pdf.PDF object at 0x0000024FF72BD910>,9
<pdfplumber.pdf.PDF object at 0x0000024FF72BDB20>,9
<pdfplumber.pdf.PDF object at 0x0000024FF72BDD30>,9
<pdfplumber.pdf.PDF object at 0x0000024FF72BDF40>,9
<pdfplumber.pdf.PDF object at 0x0000024FF72BE150>,9
<pdfplumber.pdf.PDF object at 0x0000024FF72BE360>,9
<pdfplumber.pdf.PDF object at 0x0000024FF72BE570>,9
<pdfplumber.pdf.PDF object at 0x0000024FF72BE780>,9
<pdfplumber.pdf.PDF object at 0x0000024FF72BE990>,9
<pdfplumber.pdf.PDF object at 0x0000024FF72BEBA0>,9
<pdfplumber.pdf.PDF object at 0x0000024FF72BEDB0>,9
<pdfplumber.pdf.PDF object at 0x0000024FF72BEFC0>,9
<pdfplumber.pdf.PDF object at 0x0000024FF72BF1D0>,9
<pdfplumber.pdf.PDF object at 0x0000024FF72BF3E0>,9
<pdfplumber.pdf.PDF object at 0x0000024FF72BF5F0>,9
<pdfplumber.pdf.PDF object at 0x0000024FF72BF800>,9
<pdfplumber.pdf.PDF object at 0x0000024FF72BFA10>,9
<pdfplumber.pdf.PDF object at 0x0000024FF72BFC20>,9
<pdfplumber.pdf.PDF object at 0x0000024FF72BFE30>,9
<pdfplumber.pdf.PDF object at 0x0000024FF72FC100>,9
<pdfplumber.pdf.PDF object at 0x0000024FF72FC310>,10
<pdfplumber.pdf.PDF object at 0x0000024FF72FC520>,10
<pdfplumber.pdf.PDF object at 0x0000024FF72FC730>,10
<pdfplumber.pdf.PDF object at 0x0000024FF72FC940>,10
<pdfplumber.pdf.PDF object at 0x0000024FF72FCB50>,10
<pdfplumber.pdf.PDF object at 0x0000024FF72FCD60>,10
<pdfplumber.pdf.PDF object at 0x0000024FF72FCF70>,10
<pdfplumber.pdf.PDF object at 0x0000024FF72FD180>,10
<pdfplumber.pdf.PDF object at 0x0000024FF72FD390>,10
<pdfplumber.pdf.PDF object at 0x0000024FF72FD5A0>,10
<pdfplumber.pdf.PDF object at 0x0000024FF72FD7B0>,10
<pdfplumber.pdf.PDF object at 0x0000024FF72FD9C0>,10
<pdfplumber.pdf.PDF object at 0x0000024FF72FDBD0>,10
<pdfplumber.pdf.PDF object at 0x0000024FF72FDDE0>,10
<pdfplumber.pdf.PDF object at 0x0000024FF72FDFF0>,10
<pdfplumber.pdf.PDF object at 0x0000024FF72FE200>,10
<pdfplumber.pdf.PDF object at 0x0000024FF72FE410>,10
<pdfplumber.pdf.PDF object at 0x0000024FF72FE620>,10
<pdfplumber.pdf.PDF object at 0x0000024FF72FE830>,10
<pdfplumber.pdf.PDF object at 0x0000024FF72FEA40>,10
<pdfplumber.pdf.PDF object at 0x0000024FF72FEC50>,10
<pdfplumber.pdf.PDF object at 0x0000024FF72FEE60>,10
<pdfplumber.pdf.PDF object at 0x0000024FF72FF070>,10
<pdfplumber.pdf.PDF object at 0x0000024FF72FF280>,10
<pdfplumber.pdf.PDF object at 0x0000024FF72FF490>,10
<pdfplumber.pdf.PDF object at 0x0000024FF72FF6A0>,10
<pdfplumber.pdf.PDF object at 0x0000024FF72FF8B0>,10
<pdfplumber.pdf.PDF object at 0x0000024FF72FFAC0>,10
<pdfplumber.pdf.PDF object at 0x0000024FF72FFCD0>,10
<pdfplumber.pdf.PDF object at 0x0000024FF72FFEE0>,10
<pdfplumber.pdf.PDF object at 0x0000024FF73241B0>,10
<pdfplumber.pdf.PDF object at 0x0000024FF73243C0>,10
<pdfplumber.pdf.PDF object at 0x0000024FF73245D0>,10
<pdfplumber.pdf.PDF object at 0x0000024FF73247E0>,10
<pdfplumber.pdf.PDF object at 0x0000024FF73249F0>,10
<pdfplumber.pdf.PDF object at 0x0000024FF7324C00>,10
<pdfplumber.pdf.PDF object at 0x0000024FF7324E10>,10
<pdfplumber.pdf.PDF object at 0x0000024FF7325020>,10
<pdfplumber.pdf.PDF object at 0x0000024FF7325230>,10
<pdfplumber.pdf.PDF object at 0x0000024FF7325440>,10
<pdfplumber.pdf.PDF object at 0x0000024FF7325650>,10
<pdfplumber.pdf.PDF object at 0x0000024FF7325860>,10
<pdfplumber.pdf.PDF object at 0x0000024FF7325A70>,10
<pdfplumber.pdf.PDF object at 0x0000024FF7325C80>,10
<pdfplumber.pdf.PDF object at 0x0000024FF7325E90>,10
<pdfplumber.pdf.PDF object at 0x0000024FF73260A0>,10
<pdfplumber.pdf.PDF object at 0x0000024FF73262B0>,10
<pdfplumber.pdf.PDF object at 0x0000024FF73264C0>,10
<pdfplumber.pdf.PDF object at 0x0000024FF73266D0>,10
<pdfplumber.pdf.PDF object at 0x0000024FF73268E0>,10
<pdfplumber.pdf.PDF object at 0x0000024FF7326AF0>,10
<pdfplumber.pdf.PDF object at 0x0000024FF7326D00>,10
<pdfplumber.pdf.PDF object at 0x0000024FF7326F10>,10
<pdfplumber.pdf.PDF object at 0x0000024FF7327120>,10
<pdfplumber.pdf.PDF object at 0x0000024FF7327330>,10
<pdfplumber.pdf.PDF object at 0x0000024FF7327540>,10
<pdfplumber.pdf.PDF object at 0x0000024FF7327750>,10
<pdfplumber.pdf.PDF object at 0x0000024FF7327960>,10
<pdfplumber.pdf.PDF object at 0x0000024FF7327B70>,10
<pdfplumber.pdf.PDF object at 0x0000024FF7327D80>,10
<pdfplumber.pdf.PDF object at 0x0000024FF7358050>,10
<pdfplumber.pdf.PDF object at 0x0000024FF7358260>,10
<pdfplumber.pdf.PDF object at 0x0000024FF7358470>,10
<pdfplumber.pdf.PDF object at 0x0000024FF7358680>,10
<pdfplumber.pdf.PDF object at 0x0000024FF7358890>,10
<pdfplumber.pdf.PDF object at 0x0000024FF7358AA0>,10
<pdfplumber.pdf.PDF object at 0x0000024FF7358CB0>,10
<pdfplumber.pdf.PDF object at 0x0000024FF7358EC0>,10
<pdfplumber.pdf.PDF object at 0x0000024FF73590D0>,10
<pdfplumber.pdf.PDF object at 0x0000024FF73592E0>,10
<pdfplumber.pdf.PDF object at 0x0000024FF73594F0>,10
<pdfplumber.pdf.PDF object at 0x0000024FF7359700>,10
<pdfplumber.pdf.PDF object at 0x0000024FF7359910>,10
<pdfplumber.pdf.PDF object at 0x0000024FF7359B20>,10
<pdfplumber.pdf.PDF object at 0x0000024FF7359D30>,10
<pdfplumber.pdf.PDF object at 0x0000024FF7359F40>,10
<pdfplumber.pdf.PDF object at 0x0000024FF735A150>,10
<pdfplumber.pdf.PDF object at 0x0000024FF735A360>,10
<pdfplumber.pdf.PDF object at 0x0000024FF735A570>,10
<pdfplumber.pdf.PDF object at 0x0000024FF735A780>,10
<pdfplumber.pdf.PDF object at 0x0000024FF735A990>,10
<pdfplumber.pdf.PDF object at 0x0000024FF735ABA0>,10
<pdfplumber.pdf.PDF object at 0x0000024FF735ADB0>,10
<pdfplumber.pdf.PDF object at 0x0000024FF735AFC0>,10
<pdfplumber.pdf.PDF object at 0x0000024FF735B1D0>,10
<pdfplumber.pdf.PDF object at 0x0000024FF735B3E0>,10
<pdfplumber.pdf.PDF object at 0x0000024FF735B5F0>,10
<pdfplumber.pdf.PDF object at 0x0000024FF735B800>,10
<pdfplumber.pdf.PDF object at 0x0000024FF735BA10>,10
<pdfplumber.pdf.PDF object at 0x0000024FF735BC20>,10
<pdfplumber.pdf.PDF object at 0x0000024FF735BE30>,10
<pdfplumber.pdf.PDF object at 0x0000024FF7380100>,10
<pdfplumber.pdf.PDF object at 0x0000024FF7380310>,10
<pdfplumber.pdf.PDF object at 0x0000024FF7380520>,10
<pdfplumber.pdf.PDF object at 0x0000024FF7380730>,10
<pdfplumber.pdf.PDF object at 0x0000024FF7380940>,10
<pdfplumber.pdf.PDF object at 0x0000024FF7380B50>,10
<pdfplumber.pdf.PDF object at 0x0000024FF7380D60>,10
<pdfplumber.pdf.PDF object at 0x0000024FF7380F70>,10
<pdfplumber.pdf.PDF object at 0x0000024FF7381180>,10
<pdfplumber.pdf.PDF object at 0x0000024FF7381390>,10
<pdfplumber.pdf.PDF object at 0x0000024FF73815A0>,10
<pdfplumber.pdf.PDF object at 0x0000024FF73817B0>,10
<pdfplumber.pdf.PDF object at 0x0000024FF73819C0>,10
<pdfplumber.pdf.PDF object at 0x0000024FF7381BD0>,10
<pdfplumber.pdf.PDF object at 0x0000024FF7381DE0>,10
<pdfplumber.pdf.PDF object at 0x0000024FF7381FF0>,10
<pdfplumber.pdf.PDF object at 0x0000024FF7382200>,10
<pdfplumber.pdf.PDF object at 0x0000024FF7382410>,10
<pdfplumber.pdf.PDF object at 0x0000024FF7382620>,10
<pdfplumber.pdf.PDF object at 0x0000024FF7382830>,10
<pdfplumber.pdf.PDF object at 0x0000024FF7382A40>,10
<pdfplumber.pdf.PDF object at 0x0000024FF7382C50>,10
<pdfplumber.pdf.PDF object at 0x0000024FF7382E60>,10
<pdfplumber.pdf.PDF object at 0x0000024FF7383070>,10
<pdfplumber.pdf.PDF object at 0x0000024FF7383280>,10
<pdfplumber.pdf.PDF object at 0x0000024FF7383490>,10
<pdfplumber.pdf.PDF object at 0x0000024FF73836A0>,10
<pdfplumber.pdf.PDF object at 0x0000024FF73838B0>,11
<pdfplumber.pdf.PDF object at 0x0000024FF7383AC0>,11
<pdfplumber.pdf.PDF object at 0x0000024FF7383CD0>,11
<pdfplumber.pdf.PDF object at 0x0000024FF7383EE0>,11
<pdfplumber.pdf.PDF object at 0x0000024FF73B41B0>,11
<pdfplumber.pdf.PDF object at 0x0000024FF73B43C0>,11
<pdfplumber.pdf.PDF object at 0x0000024FF73B45D0>,11
<pdfplumber.pdf.PDF object at 0x0000024FF73B47E0>,11
<pdfplumber.pdf.PDF object at 0x0000024FF73B49F0>,11
<pdfplumber.pdf.PDF object at 0x0000024FF73B4C00>,11
<pdfplumber.pdf.PDF object at 0x0000024FF73B4E10>,11
<pdfplumber.pdf.PDF object at 0x0000024FF73B5020>,11
<pdfplumber.pdf.PDF object at 0x0000024FF73B5230>,11
<pdfplumber.pdf.PDF object at 0x0000024FF73B5440>,11
<pdfplumber.pdf.PDF object at 0x0000024FF73B5650>,11
<pdfplumber.pdf.PDF object at 0x0000024FF73B5860>,11
<pdfplumber.pdf.PDF object at 0x0000024FF73B5A70>,11
<pdfplumber.pdf.PDF object at 0x0000024FF73B5C80>,11
<pdfplumber.pdf.PDF object at 0x0000024FF73B5E90>,11
<pdfplumber.pdf.PDF object at 0x0000024FF73B60A0>,11
<pdfplumber.pdf.PDF object at 0x0000024FF73B62B0>,11
<pdfplumber.pdf.PDF object at 0x0000024FF73B64C0>,11
<pdfplumber.pdf.PDF object at 0x0000024FF73B66D0>,11
<pdfplumber.pdf.PDF object at 0x0000024FF73B68E0>,11
<pdfplumber.pdf.PDF object at 0x0000024FF73B6AF0>,11
<pdfplumber.pdf.PDF object at 0x0000024FF73B6D00>,11
<pdfplumber.pdf.PDF object at 0x0000024FF73B6F10>,11
<pdfplumber.pdf.PDF object at 0x0000024FF73B7120>,11
<pdfplumber.pdf.PDF object at 0x0000024FF73B7330>,11
<pdfplumber.pdf.PDF object at 0x0000024FF73B7540>,11
<pdfplumber.pdf.PDF object at 0x0000024FF73B7750>,11
<pdfplumber.pdf.PDF object at 0x0000024FF73B7960>,11
<pdfplumber.pdf.PDF object at 0x0000024FF73B7B70>,11
<pdfplumber.pdf.PDF object at 0x0000024FF73B7D80>,11
<pdfplumber.pdf.PDF object at 0x0000024FF73EC050>,11
<pdfplumber.pdf.PDF object at 0x0000024FF73EC260>,11
<pdfplumber.pdf.PDF object at 0x0000024FF73EC470>,11
<pdfplumber.pdf.PDF object at 0x0000024FF73EC680>,11
<pdfplumber.pdf.PDF object at 0x0000024FF73EC890>,11
<pdfplumber.pdf.PDF object at 0x0000024FF73ECAA0>,11
<pdfplumber.pdf.PDF object at 0x0000024FF73ECCB0>,11
<pdfplumber.pdf.PDF object at 0x0000024FF73ECEC0>,11
<pdfplumber.pdf.PDF object at 0x0000024FF73ED0D0>,11
<pdfplumber.pdf.PDF object at 0x0000024FF73ED2E0>,11
<pdfplumber.pdf.PDF object at 0x0000024FF73ED4F0>,11
<pdfplumber.pdf.PDF object at 0x0000024FF73ED700>,11
<pdfplumber.pdf.PDF object at 0x0000024FF73ED910>,11
<pdfplumber.pdf.PDF object at 0x0000024FF73EDB20>,11
<pdfplumber.pdf.PDF object at 0x0000024FF73EDD30>,11
<pdfplumber.pdf.PDF object at 0x0000024FF73EDF40>,11
<pdfplumber.pdf.PDF object at 0x0000024FF73EE150>,11
<pdfplumber.pdf.PDF object at 0x0000024FF73EE360>,11
<pdfplumber.pdf.PDF object at 0x0000024FF73EE570>,11
<pdfplumber.pdf.PDF object at 0x0000024FF73EE780>,11
<pdfplumber.pdf.PDF object at 0x0000024FF73EE990>,11
<pdfplumber.pdf.PDF object at 0x0000024FF73EEBA0>,11
<pdfplumber.pdf.PDF object at 0x0000024FF73EEDB0>,11
<pdfplumber.pdf.PDF object at 0x0000024FF73EEFC0>,11
<pdfplumber.pdf.PDF object at 0x0000024FF73EF1D0>,11
<pdfplumber.pdf.PDF object at 0x0000024FF73EF3E0>,11
<pdfplumber.pdf.PDF object at 0x0000024FF73EF5F0>,11
<pdfplumber.pdf.PDF object at 0x0000024FF73EF800>,11
<pdfplumber.pdf.PDF object at 0x0000024FF73EFA10>,11
<pdfplumber.pdf.PDF object at 0x0000024FF73EFC20>,11
<pdfplumber.pdf.PDF object at 0x0000024FF73EFE30>,11
<pdfplumber.pdf.PDF object at 0x0000024FF7418100>,11
<pdfplumber.pdf.PDF object at 0x0000024FF7418310>,11
<pdfplumber.pdf.PDF object at 0x0000024FF7418520>,11
<pdfplumber.pdf.PDF object at 0x0000024FF7418730>,11
<pdfplumber.pdf.PDF object at 0x0000024FF7418940>,11
<pdfplumber.pdf.PDF object at 0x0000024FF7418B50>,11
<pdfplumber.pdf.PDF object at 0x0000024FF7418D60>,11
<pdfplumber.pdf.PDF object at 0x0000024FF7418F70>,11
<pdfplumber.pdf.PDF object at 0x0000024FF7419180>,11
<pdfplumber.pdf.PDF object at 0x0000024FF7419390>,11
<pdfplumber.pdf.PDF object at 0x0000024FF74195A0>,11
<pdfplumber.pdf.PDF object at 0x0000024FF74197B0>,11
<pdfplumber.pdf.PDF object at 0x0000024FF74199C0>,11
<pdfplumber.pdf.PDF object at 0x0000024FF7419BD0>,11
<pdfplumber.pdf.PDF object at 0x0000024FF7419DE0>,11
<pdfplumber.pdf.PDF object at 0x0000024FF7419FF0>,11
<pdfplumber.pdf.PDF object at 0x0000024FF741A200>,11
<pdfplumber.pdf.PDF object at 0x0000024FF741A410>,11
<pdfplumber.pdf.PDF object at 0x0000024FF741A620>,11
<pdfplumber.pdf.PDF object at 0x0000024FF741A830>,11
<pdfplumber.pdf.PDF object at 0x0000024FF741AA40>,11
<pdfplumber.pdf.PDF object at 0x0000024FF741AC50>,11
<pdfplumber.pdf.PDF object at 0x0000024FF741AE60>,11
<pdfplumber.pdf.PDF object at 0x0000024FF741B070>,11
<pdfplumber.pdf.PDF object at 0x0000024FF741B280>,11
<pdfplumber.pdf.PDF object at 0x0000024FF741B490>,11
<pdfplumber.pdf.PDF object at 0x0000024FF741B6A0>,11
<pdfplumber.pdf.PDF object at 0x0000024FF741B8B0>,11
<pdfplumber.pdf.PDF object at 0x0000024FF741BAC0>,11
<pdfplumber.pdf.PDF object at 0x0000024FF741BCD0>,11
<pdfplumber.pdf.PDF object at 0x0000024FF741BEE0>,11
<pdfplumber.pdf.PDF object at 0x0000024FF744C1B0>,11
<pdfplumber.pdf.PDF object at 0x0000024FF744C3C0>,11
<pdfplumber.pdf.PDF object at 0x0000024FF744C5D0>,11
<pdfplumber.pdf.PDF object at 0x0000024FF744C7E0>,11
<pdfplumber.pdf.PDF object at 0x0000024FF744C9F0>,11
<pdfplumber.pdf.PDF object at 0x0000024FF744CC00>,11
<pdfplumber.pdf.PDF object at 0x0000024FF744CE10>,11
<pdfplumber.pdf.PDF object at 0x0000024FF744D020>,11
<pdfplumber.pdf.PDF object at 0x0000024FF744D230>,11
<pdfplumber.pdf.PDF object at 0x0000024FF744D440>,11
<pdfplumber.pdf.PDF object at 0x0000024FF744D650>,11
<pdfplumber.pdf.PDF object at 0x0000024FF744D860>,11
<pdfplumber.pdf.PDF object at 0x0000024FF744DA70>,11
<pdfplumber.pdf.PDF object at 0x0000024FF744DC80>,11
<pdfplumber.pdf.PDF object at 0x0000024FF744DE90>,11
<pdfplumber.pdf.PDF object at 0x0000024FF744E0A0>,11
<pdfplumber.pdf.PDF object at 0x0000024FF744E2B0>,12
<pdfplumber.pdf.PDF object at 0x0000024FF744E4C0>,12
<pdfplumber.pdf.PDF object at 0x0000024FF744E6D0>,12
<pdfplumber.pdf.PDF object at 0x0000024FF744E8E0>,12
<pdfplumber.pdf.PDF object at 0x0000024FF744EAF0>,12
<pdfplumber.pdf.PDF object at 0x0000024FF744ED00>,12
<pdfplumber.pdf.PDF object at 0x0000024FF744EF10>,12
<pdfplumber.pdf.PDF object at 0x0000024FF744F120>,12
<pdfplumber.pdf.PDF object at 0x0000024FF744F330>,12
<pdfplumber.pdf.PDF object at 0x0000024FF744F540>,12
<pdfplumber.pdf.PDF object at 0x0000024FF744F750>,12
<pdfplumber.pdf.PDF object at 0x0000024FF744F960>,12
<pdfplumber.pdf.PDF object at 0x0000024FF744FB70>,12
<pdfplumber.pdf.PDF object at 0x0000024FF744FD80>,12
<pdfplumber.pdf.PDF object at 0x0000024FF747C050>,12
<pdfplumber.pdf.PDF object at 0x0000024FF747C260>,12
<pdfplumber.pdf.PDF object at 0x0000024FF747C470>,12
<pdfplumber.pdf.PDF object at 0x0000024FF747C680>,12
<pdfplumber.pdf.PDF object at 0x0000024FF747C890>,12
<pdfplumber.pdf.PDF object at 0x0000024FF747CAA0>,12
<pdfplumber.pdf.PDF object at 0x0000024FF747CCB0>,12
<pdfplumber.pdf.PDF object at 0x0000024FF747CEC0>,12
<pdfplumber.pdf.PDF object at 0x0000024FF747D0D0>,12
<pdfplumber.pdf.PDF object at 0x0000024FF747D2E0>,12
<pdfplumber.pdf.PDF object at 0x0000024FF747D4F0>,12
<pdfplumber.pdf.PDF object at 0x0000024FF747D700>,12
<pdfplumber.pdf.PDF object at 0x0000024FF747D910>,12
<pdfplumber.pdf.PDF object at 0x0000024FF747DB20>,12
<pdfplumber.pdf.PDF object at 0x0000024FF747DD30>,12
<pdfplumber.pdf.PDF object at 0x0000024FF747DF40>,12
<pdfplumber.pdf.PDF object at 0x0000024FF747E150>,12
<pdfplumber.pdf.PDF object at 0x0000024FF747E360>,12
<pdfplumber.pdf.PDF object at 0x0000024FF747E570>,12
<pdfplumber.pdf.PDF object at 0x0000024FF747E780>,12
<pdfplumber.pdf.PDF object at 0x0000024FF747E990>,12
<pdfplumber.pdf.PDF object at 0x0000024FF747EBA0>,12
<pdfplumber.pdf.PDF object at 0x0000024FF747EDB0>,12
<pdfplumber.pdf.PDF object at 0x0000024FF747EFC0>,12
<pdfplumber.pdf.PDF object at 0x0000024FF747F1D0>,12
<pdfplumber.pdf.PDF object at 0x0000024FF747F3E0>,12
<pdfplumber.pdf.PDF object at 0x0000024FF747F5F0>,12
<pdfplumber.pdf.PDF object at 0x0000024FF747F800>,12
<pdfplumber.pdf.PDF object at 0x0000024FF747FA10>,12
<pdfplumber.pdf.PDF object at 0x0000024FF747FC20>,12
<pdfplumber.pdf.PDF object at 0x0000024FF747FE30>,12
<pdfplumber.pdf.PDF object at 0x0000024FF74AC100>,12
<pdfplumber.pdf.PDF object at 0x0000024FF74AC310>,12
<pdfplumber.pdf.PDF object at 0x0000024FF74AC520>,12
<pdfplumber.pdf.PDF object at 0x0000024FF74AC730>,12
<pdfplumber.pdf.PDF object at 0x0000024FF74AC940>,12
<pdfplumber.pdf.PDF object at 0x0000024FF74ACB50>,12
<pdfplumber.pdf.PDF object at 0x0000024FF74ACD60>,12
<pdfplumber.pdf.PDF object at 0x0000024FF74ACF70>,12
<pdfplumber.pdf.PDF object at 0x0000024FF74AD180>,12
<pdfplumber.pdf.PDF object at 0x0000024FF74AD390>,12
<pdfplumber.pdf.PDF object at 0x0000024FF74AD5A0>,12
<pdfplumber.pdf.PDF object at 0x0000024FF74AD7B0>,12
<pdfplumber.pdf.PDF object at 0x0000024FF74AD9C0>,12
<pdfplumber.pdf.PDF object at 0x0000024FF74ADBD0>,12
<pdfplumber.pdf.PDF object at 0x0000024FF74ADDE0>,12
<pdfplumber.pdf.PDF object at 0x0000024FF74ADFF0>,12
<pdfplumber.pdf.PDF object at 0x0000024FF74AE200>,12
<pdfplumber.pdf.PDF object at 0x0000024FF74AE410>,12
<pdfplumber.pdf.PDF object at 0x0000024FF74AE620>,12
<pdfplumber.pdf.PDF object at 0x0000024FF74AE830>,12
<pdfplumber.pdf.PDF object at 0x0000024FF74AEA40>,12
<pdfplumber.pdf.PDF object at 0x0000024FF74AEC50>,12
<pdfplumber.pdf.PDF object at 0x0000024FF74AEE60>,12
<pdfplumber.pdf.PDF object at 0x0000024FF74AF070>,12
<pdfplumber.pdf.PDF object at 0x0000024FF74AF280>,12
<pdfplumber.pdf.PDF object at 0x0000024FF74AF490>,12
<pdfplumber.pdf.PDF object at 0x0000024FF74AF6A0>,12
<pdfplumber.pdf.PDF object at 0x0000024FF74AF8B0>,12
<pdfplumber.pdf.PDF object at 0x0000024FF74AFAC0>,12
<pdfplumber.pdf.PDF object at 0x0000024FF74AFCD0>,12
<pdfplumber.pdf.PDF object at 0x0000024FF74AFEE0>,12
<pdfplumber.pdf.PDF object at 0x0000024FF74D81B0>,12
<pdfplumber.pdf.PDF object at 0x0000024FF74D83C0>,12
<pdfplumber.pdf.PDF object at 0x0000024FF74D85D0>,12
<pdfplumber.pdf.PDF object at 0x0000024FF74D87E0>,12
<pdfplumber.pdf.PDF object at 0x0000024FF74D89F0>,12
<pdfplumber.pdf.PDF object at 0x0000024FF74D8C00>,12
<pdfplumber.pdf.PDF object at 0x0000024FF74D8E10>,12
<pdfplumber.pdf.PDF object at 0x0000024FF74D9020>,12
<pdfplumber.pdf.PDF object at 0x0000024FF74D9230>,12
<pdfplumber.pdf.PDF object at 0x0000024FF74D9440>,12
<pdfplumber.pdf.PDF object at 0x0000024FF74D9650>,12
<pdfplumber.pdf.PDF object at 0x0000024FF74D9860>,12
<pdfplumber.pdf.PDF object at 0x0000024FF74D9A70>,12
<pdfplumber.pdf.PDF object at 0x0000024FF74D9C80>,12
<pdfplumber.pdf.PDF object at 0x0000024FF74D9E90>,12
<pdfplumber.pdf.PDF object at 0x0000024FF74DA0A0>,12
<pdfplumber.pdf.PDF object at 0x0000024FF74DA2B0>,12
<pdfplumber.pdf.PDF object at 0x0000024FF74DA4C0>,12
<pdfplumber.pdf.PDF object at 0x0000024FF74DA6D0>,12
<pdfplumber.pdf.PDF object at 0x0000024FF74DA8E0>,12
<pdfplumber.pdf.PDF object at 0x0000024FF74DAAF0>,12
<pdfplumber.pdf.PDF object at 0x0000024FF74DAD00>,12
<pdfplumber.pdf.PDF object at 0x0000024FF74DAF10>,12
<pdfplumber.pdf.PDF object at 0x0000024FF74DB120>,12
<pdfplumber.pdf.PDF object at 0x0000024FF74DB330>,12
<pdfplumber.pdf.PDF object at 0x0000024FF74DB540>,12
<pdfplumber.pdf.PDF object at 0x0000024FF74DB750>,12
<pdfplumber.pdf.PDF object at 0x0000024FF74DB960>,12
<pdfplumber.pdf.PDF object at 0x0000024FF74DBB70>,12
<pdfplumber.pdf.PDF object at 0x0000024FF74DBD80>,12
<pdfplumber.pdf.PDF object at 0x0000024FF7510050>,12
<pdfplumber.pdf.PDF object at 0x0000024FF7510260>,12
<pdfplumber.pdf.PDF object at 0x0000024FF7510470>,12
<pdfplumber.pdf.PDF object at 0x0000024FF7510680>,12
<pdfplumber.pdf.PDF object at 0x0000024FF7510890>,12
<pdfplumber.pdf.PDF object at 0x0000024FF7510AA0>,12
<pdfplumber.pdf.PDF object at 0x0000024FF7510CB0>,12
<pdfplumber.pdf.PDF object at 0x0000024FF7510EC0>,12
<pdfplumber.pdf.PDF object at 0x0000024FF75110D0>,12
<pdfplumber.pdf.PDF object at 0x0000024FF75112E0>,13
<pdfplumber.pdf.PDF object at 0x0000024FF75114F0>,13
<pdfplumber.pdf.PDF object at 0x0000024FF7511700>,13
<pdfplumber.pdf.PDF object at 0x0000024FF7511910>,13
<pdfplumber.pdf.PDF object at 0x0000024FF7511B20>,13
<pdfplumber.pdf.PDF object at 0x0000024FF7511D30>,13
<pdfplumber.pdf.PDF object at 0x0000024FF7511F40>,13
<pdfplumber.pdf.PDF object at 0x0000024FF7512150>,13
<pdfplumber.pdf.PDF object at 0x0000024FF7512360>,13
<pdfplumber.pdf.PDF object at 0x0000024FF7512570>,13
<pdfplumber.pdf.PDF object at 0x0000024FF7512780>,13
<pdfplumber.pdf.PDF object at 0x0000024FF7512990>,13
<pdfplumber.pdf.PDF object at 0x0000024FF7512BA0>,13
<pdfplumber.pdf.PDF object at 0x0000024FF7512DB0>,13
<pdfplumber.pdf.PDF object at 0x0000024FF7512FC0>,13
<pdfplumber.pdf.PDF object at 0x0000024FF75131D0>,13
<pdfplumber.pdf.PDF object at 0x0000024FF75133E0>,13
<pdfplumber.pdf.PDF object at 0x0000024FF75135F0>,13
<pdfplumber.pdf.PDF object at 0x0000024FF7513800>,13
<pdfplumber.pdf.PDF object at 0x0000024FF7513A10>,13
<pdfplumber.pdf.PDF object at 0x0000024FF7513C20>,13
<pdfplumber.pdf.PDF object at 0x0000024FF7513E30>,13
<pdfplumber.pdf.PDF object at 0x0000024FF7540100>,13
<pdfplumber.pdf.PDF object at 0x0000024FF7540310>,13
<pdfplumber.pdf.PDF object at 0x0000024FF7540520>,13
<pdfplumber.pdf.PDF object at 0x0000024FF7540730>,13
<pdfplumber.pdf.PDF object at 0x0000024FF7540940>,13
<pdfplumber.pdf.PDF object at 0x0000024FF7540B50>,13
<pdfplumber.pdf.PDF object at 0x0000024FF7540D60>,13
<pdfplumber.pdf.PDF object at 0x0000024FF7540F70>,13
<pdfplumber.pdf.PDF object at 0x0000024FF7541180>,13
<pdfplumber.pdf.PDF object at 0x0000024FF7541390>,13
<pdfplumber.pdf.PDF object at 0x0000024FF75415A0>,13
<pdfplumber.pdf.PDF object at 0x0000024FF75417B0>,13
<pdfplumber.pdf.PDF object at 0x0000024FF75419C0>,13
<pdfplumber.pdf.PDF object at 0x0000024FF7541BD0>,13
<pdfplumber.pdf.PDF object at 0x0000024FF7541DE0>,13
<pdfplumber.pdf.PDF object at 0x0000024FF7541FF0>,13
<pdfplumber.pdf.PDF object at 0x0000024FF7542200>,13
<pdfplumber.pdf.PDF object at 0x0000024FF7542410>,13
<pdfplumber.pdf.PDF object at 0x0000024FF7542620>,13
<pdfplumber.pdf.PDF object at 0x0000024FF7542830>,13
<pdfplumber.pdf.PDF object at 0x0000024FF7542A40>,13
<pdfplumber.pdf.PDF object at 0x0000024FF7542C50>,13
<pdfplumber.pdf.PDF object at 0x0000024FF7542E60>,13
<pdfplumber.pdf.PDF object at 0x0000024FF7543070>,13
<pdfplumber.pdf.PDF object at 0x0000024FF7543280>,13
<pdfplumber.pdf.PDF object at 0x0000024FF7543490>,13
<pdfplumber.pdf.PDF object at 0x0000024FF75436A0>,13
<pdfplumber.pdf.PDF object at 0x0000024FF75438B0>,13
<pdfplumber.pdf.PDF object at 0x0000024FF7543AC0>,13
<pdfplumber.pdf.PDF object at 0x0000024FF7543CD0>,13
<pdfplumber.pdf.PDF object at 0x0000024FF7543EE0>,13
<pdfplumber.pdf.PDF object at 0x0000024FF75681B0>,13
<pdfplumber.pdf.PDF object at 0x0000024FF75683C0>,13
<pdfplumber.pdf.PDF object at 0x0000024FF75685D0>,13
<pdfplumber.pdf.PDF object at 0x0000024FF75687E0>,13
<pdfplumber.pdf.PDF object at 0x0000024FF75689F0>,13
<pdfplumber.pdf.PDF object at 0x0000024FF7568C00>,13
<pdfplumber.pdf.PDF object at 0x0000024FF7568E10>,13
<pdfplumber.pdf.PDF object at 0x0000024FF7569020>,13
<pdfplumber.pdf.PDF object at 0x0000024FF7569230>,13
<pdfplumber.pdf.PDF object at 0x0000024FF7569440>,13
<pdfplumber.pdf.PDF object at 0x0000024FF7569650>,13
<pdfplumber.pdf.PDF object at 0x0000024FF7569860>,13
<pdfplumber.pdf.PDF object at 0x0000024FF7569A70>,13
<pdfplumber.pdf.PDF object at 0x0000024FF7569C80>,13
<pdfplumber.pdf.PDF object at 0x0000024FF7569E90>,13
<pdfplumber.pdf.PDF object at 0x0000024FF756A0A0>,13
<pdfplumber.pdf.PDF object at 0x0000024FF756A2B0>,13
<pdfplumber.pdf.PDF object at 0x0000024FF756A4C0>,13
<pdfplumber.pdf.PDF object at 0x0000024FF756A6D0>,13
<pdfplumber.pdf.PDF object at 0x0000024FF756A8E0>,13
<pdfplumber.pdf.PDF object at 0x0000024FF756AAF0>,13
<pdfplumber.pdf.PDF object at 0x0000024FF756AD00>,13
<pdfplumber.pdf.PDF object at 0x0000024FF756AF10>,13
<pdfplumber.pdf.PDF object at 0x0000024FF756B120>,13
<pdfplumber.pdf.PDF object at 0x0000024FF756B330>,13
<pdfplumber.pdf.PDF object at 0x0000024FF756B540>,13
<pdfplumber.pdf.PDF object at 0x0000024FF756B750>,13
<pdfplumber.pdf.PDF object at 0x0000024FF756B960>,13
<pdfplumber.pdf.PDF object at 0x0000024FF756BB70>,13
<pdfplumber.pdf.PDF object at 0x0000024FF756BD80>,13
<pdfplumber.pdf.PDF object at 0x0000024FF75A0050>,13
<pdfplumber.pdf.PDF object at 0x0000024FF75A0260>,13
<pdfplumber.pdf.PDF object at 0x0000024FF75A0470>,13
<pdfplumber.pdf.PDF object at 0x0000024FF75A0680>,13
<pdfplumber.pdf.PDF object at 0x0000024FF75A0890>,13
<pdfplumber.pdf.PDF object at 0x0000024FF75A0AA0>,13
<pdfplumber.pdf.PDF object at 0x0000024FF75A0CB0>,13
<pdfplumber.pdf.PDF object at 0x0000024FF75A0EC0>,13
<pdfplumber.pdf.PDF object at 0x0000024FF75A10D0>,13
<pdfplumber.pdf.PDF object at 0x0000024FF75A12E0>,13
<pdfplumber.pdf.PDF object at 0x0000024FF75A14F0>,13
<pdfplumber.pdf.PDF object at 0x0000024FF75A1700>,13
<pdfplumber.pdf.PDF object at 0x0000024FF75A1910>,13
<pdfplumber.pdf.PDF object at 0x0000024FF75A1B20>,13
<pdfplumber.pdf.PDF object at 0x0000024FF75A1D30>,13
<pdfplumber.pdf.PDF object at 0x0000024FF75A1F40>,13
<pdfplumber.pdf.PDF object at 0x0000024FF75A2150>,13
<pdfplumber.pdf.PDF object at 0x0000024FF75A2360>,13
<pdfplumber.pdf.PDF object at 0x0000024FF75A2570>,13
<pdfplumber.pdf.PDF object at 0x0000024FF75A2780>,13
<pdfplumber.pdf.PDF object at 0x0000024FF75A2990>,13
<pdfplumber.pdf.PDF object at 0x0000024FF75A2BA0>,13
<pdfplumber.pdf.PDF object at 0x0000024FF75A2DB0>,13
<pdfplumber.pdf.PDF object at 0x0000024FF75A2FC0>,13
<pdfplumber.pdf.PDF object at 0x0000024FF75A31D0>,14
<pdfplumber.pdf.PDF object at 0x0000024FF75A33E0>,14
<pdfplumber.pdf.PDF object at 0x0000024FF75A35F0>,14
<pdfplumber.pdf.PDF object at 0x0000024FF75A3800>,14
<pdfplumber.pdf.PDF object at 0x0000024FF75A3A10>,14
<pdfplumber.pdf.PDF object at 0x0000024FF75A3C20>,14
<pdfplumber.pdf.PDF object at 0x0000024FF75A3E30>,14
<pdfplumber.pdf.PDF object at 0x0000024FF75C8100>,14
<pdfplumber.pdf.PDF object at 0x0000024FF75C8310>,14
<pdfplumber.pdf.PDF object at 0x0000024FF75C8520>,14
<pdfplumber.pdf.PDF object at 0x0000024FF75C8730>,14
<pdfplumber.pdf.PDF object at 0x0000024FF75C8940>,14
<pdfplumber.pdf.PDF object at 0x0000024FF75C8B50>,14
<pdfplumber.pdf.PDF object at 0x0000024FF75C8D60>,14
<pdfplumber.pdf.PDF object at 0x0000024FF75C8F70>,14
<pdfplumber.pdf.PDF object at 0x0000024FF75C9180>,14
<pdfplumber.pdf.PDF object at 0x0000024FF75C9390>,14
<pdfplumber.pdf.PDF object at 0x0000024FF75C95A0>,14
<pdfplumber.pdf.PDF object at 0x0000024FF75C97B0>,14
<pdfplumber.pdf.PDF object at 0x0000024FF75C99C0>,14
<pdfplumber.pdf.PDF object at 0x0000024FF75C9BD0>,14
<pdfplumber.pdf.PDF object at 0x0000024FF75C9DE0>,14
<pdfplumber.pdf.PDF object at 0x0000024FF75C9FF0>,14
<pdfplumber.pdf.PDF object at 0x0000024FF75CA200>,14
<pdfplumber.pdf.PDF object at 0x0000024FF75CA410>,14
<pdfplumber.pdf.PDF object at 0x0000024FF75CA620>,14
<pdfplumber.pdf.PDF object at 0x0000024FF75CA830>,14
<pdfplumber.pdf.PDF object at 0x0000024FF75CAA40>,14
<pdfplumber.pdf.PDF object at 0x0000024FF75CAC50>,14
<pdfplumber.pdf.PDF object at 0x0000024FF75CAE60>,14
<pdfplumber.pdf.PDF object at 0x0000024FF75CB070>,14
<pdfplumber.pdf.PDF object at 0x0000024FF75CB280>,14
<pdfplumber.pdf.PDF object at 0x0000024FF75CB490>,14
<pdfplumber.pdf.PDF object at 0x0000024FF75CB6A0>,14
<pdfplumber.pdf.PDF object at 0x0000024FF75CB8B0>,14
<pdfplumber.pdf.PDF object at 0x0000024FF75CBAC0>,14
<pdfplumber.pdf.PDF object at 0x0000024FF75CBCD0>,14
<pdfplumber.pdf.PDF object at 0x0000024FF75CBEE0>,14
<pdfplumber.pdf.PDF object at 0x0000024FF76041B0>,14
<pdfplumber.pdf.PDF object at 0x0000024FF76043C0>,14
<pdfplumber.pdf.PDF object at 0x0000024FF76045D0>,14
<pdfplumber.pdf.PDF object at 0x0000024FF76047E0>,14
<pdfplumber.pdf.PDF object at 0x0000024FF76049F0>,14
<pdfplumber.pdf.PDF object at 0x0000024FF7604C00>,14
<pdfplumber.pdf.PDF object at 0x0000024FF7604E10>,14
<pdfplumber.pdf.PDF object at 0x0000024FF7605020>,14
<pdfplumber.pdf.PDF object at 0x0000024FF7605230>,14
<pdfplumber.pdf.PDF object at 0x0000024FF7605440>,14
<pdfplumber.pdf.PDF object at 0x0000024FF7605650>,14
<pdfplumber.pdf.PDF object at 0x0000024FF7605860>,14
<pdfplumber.pdf.PDF object at 0x0000024FF7605A70>,14
<pdfplumber.pdf.PDF object at 0x0000024FF7605C80>,14
<pdfplumber.pdf.PDF object at 0x0000024FF7605E90>,14
<pdfplumber.pdf.PDF object at 0x0000024FF76060A0>,14
<pdfplumber.pdf.PDF object at 0x0000024FF76062B0>,14
<pdfplumber.pdf.PDF object at 0x0000024FF76064C0>,14
<pdfplumber.pdf.PDF object at 0x0000024FF76066D0>,14
<pdfplumber.pdf.PDF object at 0x0000024FF76068E0>,14
<pdfplumber.pdf.PDF object at 0x0000024FF7606AF0>,14
<pdfplumber.pdf.PDF object at 0x0000024FF7606D00>,14
<pdfplumber.pdf.PDF object at 0x0000024FF7606F10>,14
<pdfplumber.pdf.PDF object at 0x0000024FF7607120>,14
<pdfplumber.pdf.PDF object at 0x0000024FF7607330>,14
<pdfplumber.pdf.PDF object at 0x0000024FF7607540>,14
<pdfplumber.pdf.PDF object at 0x0000024FF7607750>,14
<pdfplumber.pdf.PDF object at 0x0000024FF7607960>,14
<pdfplumber.pdf.PDF object at 0x0000024FF7607B70>,14
<pdfplumber.pdf.PDF object at 0x0000024FF7607D80>,14
<pdfplumber.pdf.PDF object at 0x0000024FF7634050>,14
<pdfplumber.pdf.PDF object at 0x0000024FF7634260>,14
<pdfplumber.pdf.PDF object at 0x0000024FF7634470>,14
<pdfplumber.pdf.PDF object at 0x0000024FF7634680>,14
<pdfplumber.pdf.PDF object at 0x0000024FF7634890>,14
<pdfplumber.pdf.PDF object at 0x0000024FF7634AA0>,14
<pdfplumber.pdf.PDF object at 0x0000024FF7634CB0>,14
<pdfplumber.pdf.PDF object at 0x0000024FF7634EC0>,14
<pdfplumber.pdf.PDF object at 0x0000024FF76350D0>,14
<pdfplumber.pdf.PDF object at 0x0000024FF76352E0>,14
<pdfplumber.pdf.PDF object at 0x0000024FF76354F0>,14
<pdfplumber.pdf.PDF object at 0x0000024FF7635700>,14
<pdfplumber.pdf.PDF object at 0x0000024FF7635910>,14
<pdfplumber.pdf.PDF object at 0x0000024FF7635B20>,14
<pdfplumber.pdf.PDF object at 0x0000024FF7635D30>,14
<pdfplumber.pdf.PDF object at 0x0000024FF7635F40>,14
<pdfplumber.pdf.PDF object at 0x0000024FF7636150>,14
<pdfplumber.pdf.PDF object at 0x0000024FF7636360>,14
<pdfplumber.pdf.PDF object at 0x0000024FF7636570>,14
<pdfplumber.pdf.PDF object at 0x0000024FF7636780>,14
<pdfplumber.pdf.PDF object at 0x0000024FF7636990>,14
<pdfplumber.pdf.PDF object at 0x0000024FF7636BA0>,14
<pdfplumber.pdf.PDF object at 0x0000024FF7636DB0>,14
<pdfplumber.pdf.PDF object at 0x0000024FF7636FC0>,14
<pdfplumber.pdf.PDF object at 0x0000024FF76371D0>,14
<pdfplumber.pdf.PDF object at 0x0000024FF76373E0>,14
<pdfplumber.pdf.PDF object at 0x0000024FF76375F0>,14
<pdfplumber.pdf.PDF object at 0x0000024FF7637800>,14
<pdfplumber.pdf.PDF object at 0x0000024FF7637A10>,15
<pdfplumber.pdf.PDF object at 0x0000024FF7637C20>,15
<pdfplumber.pdf.PDF object at 0x0000024FF7637E30>,15
<pdfplumber.pdf.PDF object at 0x0000024FF7668100>,15
<pdfplumber.pdf.PDF object at 0x0000024FF7668310>,15
<pdfplumber.pdf.PDF object at 0x0000024FF7668520>,15
<pdfplumber.pdf.PDF object at 0x0000024FF7668730>,15
<pdfplumber.pdf.PDF object at 0x0000024FF7668940>,15
<pdfplumber.pdf.PDF object at 0x0000024FF7668B50>,15
<pdfplumber.pdf.PDF object at 0x0000024FF7668D60>,15
<pdfplumber.pdf.PDF object at 0x0000024FF7668F70>,15
<pdfplumber.pdf.PDF object at 0x0000024FF7669180>,15
<pdfplumber.pdf.PDF object at 0x0000024FF7669390>,15
<pdfplumber.pdf.PDF object at 0x0000024FF76695A0>,15
<pdfplumber.pdf.PDF object at 0x0000024FF76697B0>,15
<pdfplumber.pdf.PDF object at 0x0000024FF76699C0>,15
<pdfplumber.pdf.PDF object at 0x0000024FF7669BD0>,15
<pdfplumber.pdf.PDF object at 0x0000024FF7669DE0>,15
<pdfplumber.pdf.PDF object at 0x0000024FF7669FF0>,15
<pdfplumber.pdf.PDF object at 0x0000024FF766A200>,15
<pdfplumber.pdf.PDF object at 0x0000024FF766A410>,15
<pdfplumber.pdf.PDF object at 0x0000024FF766A620>,15
<pdfplumber.pdf.PDF object at 0x0000024FF766A830>,15
<pdfplumber.pdf.PDF object at 0x0000024FF766AA40>,15
<pdfplumber.pdf.PDF object at 0x0000024FF766AC50>,15
<pdfplumber.pdf.PDF object at 0x0000024FF766AE60>,15
<pdfplumber.pdf.PDF object at 0x0000024FF766B070>,15
<pdfplumber.pdf.PDF object at 0x0000024FF766B280>,15
<pdfplumber.pdf.PDF object at 0x0000024FF766B490>,15
<pdfplumber.pdf.PDF object at 0x0000024FF766B6A0>,15
<pdfplumber.pdf.PDF object at 0x0000024FF766B8B0>,15
<pdfplumber.pdf.PDF object at 0x0000024FF766BAC0>,15
<pdfplumber.pdf.PDF object at 0x0000024FF766BCD0>,15
<pdfplumber.pdf.PDF object at 0x0000024FF766BEE0>,15
<pdfplumber.pdf.PDF object at 0x0000024FF76941B0>,15
<pdfplumber.pdf.PDF object at 0x0000024FF76943C0>,15
<pdfplumber.pdf.PDF object at 0x0000024FF76945D0>,15
<pdfplumber.pdf.PDF object at 0x0000024FF76947E0>,15
<pdfplumber.pdf.PDF object at 0x0000024FF76949F0>,15
<pdfplumber.pdf.PDF object at 0x0000024FF7694C00>,15
<pdfplumber.pdf.PDF object at 0x0000024FF7694E10>,15
<pdfplumber.pdf.PDF object at 0x0000024FF7695020>,15
<pdfplumber.pdf.PDF object at 0x0000024FF7695230>,15
<pdfplumber.pdf.PDF object at 0x0000024FF7695440>,15
<pdfplumber.pdf.PDF object at 0x0000024FF7695650>,15
<pdfplumber.pdf.PDF object at 0x0000024FF7695860>,15
<pdfplumber.pdf.PDF object at 0x0000024FF7695A70>,15
<pdfplumber.pdf.PDF object at 0x0000024FF7695C80>,15
<pdfplumber.pdf.PDF object at 0x0000024FF7695E90>,15
<pdfplumber.pdf.PDF object at 0x0000024FF76960A0>,15
<pdfplumber.pdf.PDF object at 0x0000024FF76962B0>,15
<pdfplumber.pdf.PDF object at 0x0000024FF76964C0>,15
<pdfplumber.pdf.PDF object at 0x0000024FF76966D0>,15
<pdfplumber.pdf.PDF object at 0x0000024FF76968E0>,15
<pdfplumber.pdf.PDF object at 0x0000024FF7696AF0>,15
<pdfplumber.pdf.PDF object at 0x0000024FF7696D00>,15
<pdfplumber.pdf.PDF object at 0x0000024FF7696F10>,15
<pdfplumber.pdf.PDF object at 0x0000024FF7697120>,15
<pdfplumber.pdf.PDF object at 0x0000024FF7697330>,15
<pdfplumber.pdf.PDF object at 0x0000024FF7697540>,15
<pdfplumber.pdf.PDF object at 0x0000024FF7697750>,15
<pdfplumber.pdf.PDF object at 0x0000024FF7697960>,15
<pdfplumber.pdf.PDF object at 0x0000024FF7697B70>,15
<pdfplumber.pdf.PDF object at 0x0000024FF7697D80>,15
<pdfplumber.pdf.PDF object at 0x0000024FF76C0050>,15
<pdfplumber.pdf.PDF object at 0x0000024FF76C0260>,15
<pdfplumber.pdf.PDF object at 0x0000024FF76C0470>,15
<pdfplumber.pdf.PDF object at 0x0000024FF76C0680>,15
<pdfplumber.pdf.PDF object at 0x0000024FF76C0890>,15
<pdfplumber.pdf.PDF object at 0x0000024FF76C0AA0>,15
<pdfplumber.pdf.PDF object at 0x0000024FF76C0CB0>,15
<pdfplumber.pdf.PDF object at 0x0000024FF76C0EC0>,15
<pdfplumber.pdf.PDF object at 0x0000024FF76C10D0>,15
<pdfplumber.pdf.PDF object at 0x0000024FF76C12E0>,15
<pdfplumber.pdf.PDF object at 0x0000024FF76C14F0>,15
<pdfplumber.pdf.PDF object at 0x0000024FF76C1700>,15
<pdfplumber.pdf.PDF object at 0x0000024FF76C1910>,15
<pdfplumber.pdf.PDF object at 0x0000024FF76C1B20>,15
<pdfplumber.pdf.PDF object at 0x0000024FF76C1D30>,15
<pdfplumber.pdf.PDF object at 0x0000024FF76C1F40>,15
<pdfplumber.pdf.PDF object at 0x0000024FF76C2150>,15
<pdfplumber.pdf.PDF object at 0x0000024FF76C2360>,15
<pdfplumber.pdf.PDF object at 0x0000024FF76C2570>,15
<pdfplumber.pdf.PDF object at 0x0000024FF76C2780>,15
<pdfplumber.pdf.PDF object at 0x0000024FF76C2990>,15
<pdfplumber.pdf.PDF object at 0x0000024FF76C2BA0>,15
<pdfplumber.pdf.PDF object at 0x0000024FF76C2DB0>,15
<pdfplumber.pdf.PDF object at 0x0000024FF76C2FC0>,15
<pdfplumber.pdf.PDF object at 0x0000024FF76C31D0>,15
<pdfplumber.pdf.PDF object at 0x0000024FF76C33E0>,15
<pdfplumber.pdf.PDF object at 0x0000024FF76C35F0>,15
<pdfplumber.pdf.PDF object at 0x0000024FF76C3800>,15
<pdfplumber.pdf.PDF object at 0x0000024FF76C3A10>,15
<pdfplumber.pdf.PDF object at 0x0000024FF76C3C20>,15
<pdfplumber.pdf.PDF object at 0x0000024FF76C3E30>,15
<pdfplumber.pdf.PDF object at 0x0000024FF76F4100>,15
<pdfplumber.pdf.PDF object at 0x0000024FF76F4310>,15
<pdfplumber.pdf.PDF object at 0x0000024FF76F4520>,15
<pdfplumber.pdf.PDF object at 0x0000024FF76F4730>,15
<pdfplumber.pdf.PDF object at 0x0000024FF76F4940>,15
<pdfplumber.pdf.PDF object at 0x0000024FF76F4B50>,15
<pdfplumber.pdf.PDF object at 0x0000024FF76F4D60>,15
<pdfplumber.pdf.PDF object at 0x0000024FF76F4F70>,15
<pdfplumber.pdf.PDF object at 0x0000024FF76F5180>,15
<pdfplumber.pdf.PDF object at 0x0000024FF76F5390>,15
<pdfplumber.pdf.PDF object at 0x0000024FF76F55A0>,15
<pdfplumber.pdf.PDF object at 0x0000024FF76F57B0>,15
<pdfplumber.pdf.PDF object at 0x0000024FF76F59C0>,15
<pdfplumber.pdf.PDF object at 0x0000024FF76F5BD0>,15
<pdfplumber.pdf.PDF object at 0x0000024FF76F5DE0>,15
<pdfplumber.pdf.PDF object at 0x0000024FF76F5FF0>,15
<pdfplumber.pdf.PDF object at 0x0000024FF76F6200>,15
<pdfplumber.pdf.PDF object at 0x0000024FF76F6410>,15
<pdfplumber.pdf.PDF object at 0x0000024FF76F6620>,15
<pdfplumber.pdf.PDF object at 0x0000024FF76F6830>,15
<pdfplumber.pdf.PDF object at 0x0000024FF76F6A40>,15
<pdfplumber.pdf.PDF object at 0x0000024FF76F6C50>,15
<pdfplumber.pdf.PDF object at 0x0000024FF76F6E60>,15
<pdfplumber.pdf.PDF object at 0x0000024FF76F7070>,16
<pdfplumber.pdf.PDF object at 0x0000024FF76F7280>,16
<pdfplumber.pdf.PDF object at 0x0000024FF76F7490>,16
<pdfplumber.pdf.PDF object at 0x0000024FF76F76A0>,16
<pdfplumber.pdf.PDF object at 0x0000024FF76F78B0>,16
<pdfplumber.pdf.PDF object at 0x0000024FF76F7AC0>,16
<pdfplumber.pdf.PDF object at 0x0000024FF76F7CD0>,16
<pdfplumber.pdf.PDF object at 0x0000024FF76F7EE0>,16
<pdfplumber.pdf.PDF object at 0x0000024FF771C1B0>,16
<pdfplumber.pdf.PDF object at 0x0000024FF771C3C0>,16
<pdfplumber.pdf.PDF object at 0x0000024FF771C5D0>,16
<pdfplumber.pdf.PDF object at 0x0000024FF771C7E0>,16
<pdfplumber.pdf.PDF object at 0x0000024FF771C9F0>,16
<pdfplumber.pdf.PDF object at 0x0000024FF771CC00>,16
<pdfplumber.pdf.PDF object at 0x0000024FF771CE10>,16
<pdfplumber.pdf.PDF object at 0x0000024FF771D020>,16
<pdfplumber.pdf.PDF object at 0x0000024FF771D230>,16
<pdfplumber.pdf.PDF object at 0x0000024FF771D440>,16
<pdfplumber.pdf.PDF object at 0x0000024FF771D650>,16
<pdfplumber.pdf.PDF object at 0x0000024FF771D860>,16
<pdfplumber.pdf.PDF object at 0x0000024FF771DA70>,16
<pdfplumber.pdf.PDF object at 0x0000024FF771DC80>,16
<pdfplumber.pdf.PDF object at 0x0000024FF771DE90>,16
<pdfplumber.pdf.PDF object at 0x0000024FF771E0A0>,16
<pdfplumber.pdf.PDF object at 0x0000024FF771E2B0>,16
<pdfplumber.pdf.PDF object at 0x0000024FF771E4C0>,16
<pdfplumber.pdf.PDF object at 0x0000024FF771E6D0>,16
<pdfplumber.pdf.PDF object at 0x0000024FF771E8E0>,16
<pdfplumber.pdf.PDF object at 0x0000024FF771EAF0>,16
<pdfplumber.pdf.PDF object at 0x0000024FF771ED00>,16
<pdfplumber.pdf.PDF object at 0x0000024FF771EF10>,16
<pdfplumber.pdf.PDF object at 0x0000024FF771F120>,16
<pdfplumber.pdf.PDF object at 0x0000024FF771F330>,16
<pdfplumber.pdf.PDF object at 0x0000024FF771F540>,16
<pdfplumber.pdf.PDF object at 0x0000024FF771F750>,16
<pdfplumber.pdf.PDF object at 0x0000024FF771F960>,16
<pdfplumber.pdf.PDF object at 0x0000024FF771FB70>,16
<pdfplumber.pdf.PDF object at 0x0000024FF771FD80>,16
<pdfplumber.pdf.PDF object at 0x0000024FF7754050>,16
<pdfplumber.pdf.PDF object at 0x0000024FF7754260>,16
<pdfplumber.pdf.PDF object at 0x0000024FF7754470>,16
<pdfplumber.pdf.PDF object at 0x0000024FF7754680>,16
<pdfplumber.pdf.PDF object at 0x0000024FF7754890>,16
<pdfplumber.pdf.PDF object at 0x0000024FF7754AA0>,16
<pdfplumber.pdf.PDF object at 0x0000024FF7754CB0>,16
<pdfplumber.pdf.PDF object at 0x0000024FF7754EC0>,16
<pdfplumber.pdf.PDF object at 0x0000024FF77550D0>,16
<pdfplumber.pdf.PDF object at 0x0000024FF77552E0>,16
<pdfplumber.pdf.PDF object at 0x0000024FF77554F0>,16
<pdfplumber.pdf.PDF object at 0x0000024FF7755700>,16
<pdfplumber.pdf.PDF object at 0x0000024FF7755910>,16
<pdfplumber.pdf.PDF object at 0x0000024FF7755B20>,16
<pdfplumber.pdf.PDF object at 0x0000024FF7755D30>,16
<pdfplumber.pdf.PDF object at 0x0000024FF7755F40>,16
<pdfplumber.pdf.PDF object at 0x0000024FF7756150>,16
<pdfplumber.pdf.PDF object at 0x0000024FF7756360>,16
<pdfplumber.pdf.PDF object at 0x0000024FF7756570>,16
<pdfplumber.pdf.PDF object at 0x0000024FF7756780>,16
<pdfplumber.pdf.PDF object at 0x0000024FF7756990>,16
<pdfplumber.pdf.PDF object at 0x0000024FF7756BA0>,16
<pdfplumber.pdf.PDF object at 0x0000024FF7756DB0>,16
<pdfplumber.pdf.PDF object at 0x0000024FF7756FC0>,16
<pdfplumber.pdf.PDF object at 0x0000024FF77571D0>,16
<pdfplumber.pdf.PDF object at 0x0000024FF77573E0>,16
<pdfplumber.pdf.PDF object at 0x0000024FF77575F0>,16
<pdfplumber.pdf.PDF object at 0x0000024FF7757800>,16
<pdfplumber.pdf.PDF object at 0x0000024FF7757A10>,16
<pdfplumber.pdf.PDF object at 0x0000024FF7757C20>,16
<pdfplumber.pdf.PDF object at 0x0000024FF7757E30>,16
<pdfplumber.pdf.PDF object at 0x0000024FF7788100>,16
<pdfplumber.pdf.PDF object at 0x0000024FF7788310>,16
<pdfplumber.pdf.PDF object at 0x0000024FF7788520>,16
<pdfplumber.pdf.PDF object at 0x0000024FF7788730>,16
<pdfplumber.pdf.PDF object at 0x0000024FF7788940>,16
<pdfplumber.pdf.PDF object at 0x0000024FF7788B50>,16
<pdfplumber.pdf.PDF object at 0x0000024FF7788D60>,16
<pdfplumber.pdf.PDF object at 0x0000024FF7788F70>,16
<pdfplumber.pdf.PDF object at 0x0000024FF7789180>,16
<pdfplumber.pdf.PDF object at 0x0000024FF7789390>,16
<pdfplumber.pdf.PDF object at 0x0000024FF77895A0>,16
<pdfplumber.pdf.PDF object at 0x0000024FF77897B0>,16
<pdfplumber.pdf.PDF object at 0x0000024FF77899C0>,16
<pdfplumber.pdf.PDF object at 0x0000024FF7789BD0>,16
<pdfplumber.pdf.PDF object at 0x0000024FF7789DE0>,16
<pdfplumber.pdf.PDF object at 0x0000024FF7789FF0>,16
<pdfplumber.pdf.PDF object at 0x0000024FF778A200>,16
<pdfplumber.pdf.PDF object at 0x0000024FF778A410>,16
<pdfplumber.pdf.PDF object at 0x0000024FF778A620>,16
<pdfplumber.pdf.PDF object at 0x0000024FF778A830>,16
<pdfplumber.pdf.PDF object at 0x0000024FF778AA40>,16
<pdfplumber.pdf.PDF object at 0x0000024FF778AC50>,16
<pdfplumber.pdf.PDF object at 0x0000024FF778AE60>,16
<pdfplumber.pdf.PDF object at 0x0000024FF778B070>,16
<pdfplumber.pdf.PDF object at 0x0000024FF778B280>,16
<pdfplumber.pdf.PDF object at 0x0000024FF778B490>,16
<pdfplumber.pdf.PDF object at 0x0000024FF778B6A0>,16
<pdfplumber.pdf.PDF object at 0x0000024FF778B8B0>,16
<pdfplumber.pdf.PDF object at 0x0000024FF778BAC0>,16
<pdfplumber.pdf.PDF object at 0x0000024FF778BCD0>,16
<pdfplumber.pdf.PDF object at 0x0000024FF778BEE0>,16
<pdfplumber.pdf.PDF object at 0x0000024FF77B41B0>,16
<pdfplumber.pdf.PDF object at 0x0000024FF77B43C0>,16
<pdfplumber.pdf.PDF object at 0x0000024FF77B45D0>,16
<pdfplumber.pdf.PDF object at 0x0000024FF77B47E0>,16
<pdfplumber.pdf.PDF object at 0x0000024FF77B49F0>,16
<pdfplumber.pdf.PDF object at 0x0000024FF77B4C00>,16
<pdfplumber.pdf.PDF object at 0x0000024FF77B4E10>,16
<pdfplumber.pdf.PDF object at 0x0000024FF77B5020>,16
<pdfplumber.pdf.PDF object at 0x0000024FF77B5230>,16
<pdfplumber.pdf.PDF object at 0x0000024FF77B5440>,16
<pdfplumber.pdf.PDF object at 0x0000024FF77B5650>,16
<pdfplumber.pdf.PDF object at 0x0000024FF77B5860>,16
<pdfplumber.pdf.PDF object at 0x0000024FF77B5A70>,16
<pdfplumber.pdf.PDF object at 0x0000024FF77B5C80>,16
<pdfplumber.pdf.PDF object at 0x0000024FF77B5E90>,16
<pdfplumber.pdf.PDF object at 0x0000024FF77B60A0>,16
<pdfplumber.pdf.PDF object at 0x0000024FF77B62B0>,16
<pdfplumber.pdf.PDF object at 0x0000024FF77B64C0>,16
<pdfplumber.pdf.PDF object at 0x0000024FF77B66D0>,17
<pdfplumber.pdf.PDF object at 0x0000024FF77B68E0>,17
<pdfplumber.pdf.PDF object at 0x0000024FF77B6AF0>,17
<pdfplumber.pdf.PDF object at 0x0000024FF77B6D00>,17
<pdfplumber.pdf.PDF object at 0x0000024FF77B6F10>,17
<pdfplumber.pdf.PDF object at 0x0000024FF77B7120>,17
<pdfplumber.pdf.PDF object at 0x0000024FF77B7330>,17
<pdfplumber.pdf.PDF object at 0x0000024FF77B7540>,17
<pdfplumber.pdf.PDF object at 0x0000024FF77B7750>,17
<pdfplumber.pdf.PDF object at 0x0000024FF77B7960>,17
<pdfplumber.pdf.PDF object at 0x0000024FF77B7B70>,17
<pdfplumber.pdf.PDF object at 0x0000024FF77B7D80>,17
<pdfplumber.pdf.PDF object at 0x0000024FF77E4050>,17
<pdfplumber.pdf.PDF object at 0x0000024FF77E4260>,17
<pdfplumber.pdf.PDF object at 0x0000024FF77E4470>,17
<pdfplumber.pdf.PDF object at 0x0000024FF77E4680>,17
<pdfplumber.pdf.PDF object at 0x0000024FF77E4890>,17
<pdfplumber.pdf.PDF object at 0x0000024FF77E4AA0>,17
<pdfplumber.pdf.PDF object at 0x0000024FF77E4CB0>,17
<pdfplumber.pdf.PDF object at 0x0000024FF77E4EC0>,17
<pdfplumber.pdf.PDF object at 0x0000024FF77E50D0>,17
<pdfplumber.pdf.PDF object at 0x0000024FF77E52E0>,17
<pdfplumber.pdf.PDF object at 0x0000024FF77E54F0>,17
<pdfplumber.pdf.PDF object at 0x0000024FF77E5700>,17
<pdfplumber.pdf.PDF object at 0x0000024FF77E5910>,17
<pdfplumber.pdf.PDF object at 0x0000024FF77E5B20>,17
<pdfplumber.pdf.PDF object at 0x0000024FF77E5D30>,17
<pdfplumber.pdf.PDF object at 0x0000024FF77E5F40>,17
<pdfplumber.pdf.PDF object at 0x0000024FF77E6150>,17
<pdfplumber.pdf.PDF object at 0x0000024FF77E6360>,17
<pdfplumber.pdf.PDF object at 0x0000024FF77E6570>,17
<pdfplumber.pdf.PDF object at 0x0000024FF77E6780>,17
<pdfplumber.pdf.PDF object at 0x0000024FF77E6990>,17
<pdfplumber.pdf.PDF object at 0x0000024FF77E6BA0>,17
<pdfplumber.pdf.PDF object at 0x0000024FF77E6DB0>,17
<pdfplumber.pdf.PDF object at 0x0000024FF77E6FC0>,17
<pdfplumber.pdf.PDF object at 0x0000024FF77E71D0>,17
<pdfplumber.pdf.PDF object at 0x0000024FF77E73E0>,17
<pdfplumber.pdf.PDF object at 0x0000024FF77E75F0>,17
<pdfplumber.pdf.PDF object at 0x0000024FF77E7800>,17
<pdfplumber.pdf.PDF object at 0x0000024FF77E7A10>,17
<pdfplumber.pdf.PDF object at 0x0000024FF77E7C20>,17
<pdfplumber.pdf.PDF object at 0x0000024FF77E7E30>,17
<pdfplumber.pdf.PDF object at 0x0000024FF781C100>,17
<pdfplumber.pdf.PDF object at 0x0000024FF781C310>,17
<pdfplumber.pdf.PDF object at 0x0000024FF781C520>,17
<pdfplumber.pdf.PDF object at 0x0000024FF781C730>,17
<pdfplumber.pdf.PDF object at 0x0000024FF781C940>,17
<pdfplumber.pdf.PDF object at 0x0000024FF781CB50>,17
<pdfplumber.pdf.PDF object at 0x0000024FF781CD60>,17
<pdfplumber.pdf.PDF object at 0x0000024FF781CF70>,17
<pdfplumber.pdf.PDF object at 0x0000024FF781D180>,17
<pdfplumber.pdf.PDF object at 0x0000024FF781D390>,17
<pdfplumber.pdf.PDF object at 0x0000024FF781D5A0>,17
<pdfplumber.pdf.PDF object at 0x0000024FF781D7B0>,17
<pdfplumber.pdf.PDF object at 0x0000024FF781D9C0>,17
<pdfplumber.pdf.PDF object at 0x0000024FF781DBD0>,17
<pdfplumber.pdf.PDF object at 0x0000024FF781DDE0>,17
<pdfplumber.pdf.PDF object at 0x0000024FF781DFF0>,17
<pdfplumber.pdf.PDF object at 0x0000024FF781E200>,17
<pdfplumber.pdf.PDF object at 0x0000024FF781E410>,17
<pdfplumber.pdf.PDF object at 0x0000024FF781E620>,17
<pdfplumber.pdf.PDF object at 0x0000024FF781E830>,17
<pdfplumber.pdf.PDF object at 0x0000024FF781EA40>,17
<pdfplumber.pdf.PDF object at 0x0000024FF781EC50>,17
<pdfplumber.pdf.PDF object at 0x0000024FF781EE60>,17
<pdfplumber.pdf.PDF object at 0x0000024FF781F070>,17
<pdfplumber.pdf.PDF object at 0x0000024FF781F280>,17
<pdfplumber.pdf.PDF object at 0x0000024FF781F490>,17
<pdfplumber.pdf.PDF object at 0x0000024FF781F6A0>,17
<pdfplumber.pdf.PDF object at 0x0000024FF781F8B0>,17
<pdfplumber.pdf.PDF object at 0x0000024FF781FAC0>,17
<pdfplumber.pdf.PDF object at 0x0000024FF781FCD0>,17
<pdfplumber.pdf.PDF object at 0x0000024FF781FEE0>,17
<pdfplumber.pdf.PDF object at 0x0000024FF784C1B0>,17
<pdfplumber.pdf.PDF object at 0x0000024FF784C3C0>,17
<pdfplumber.pdf.PDF object at 0x0000024FF784C5D0>,17
<pdfplumber.pdf.PDF object at 0x0000024FF784C7E0>,17
<pdfplumber.pdf.PDF object at 0x0000024FF784C9F0>,17
<pdfplumber.pdf.PDF object at 0x0000024FF784CC00>,17
<pdfplumber.pdf.PDF object at 0x0000024FF784CE10>,17
<pdfplumber.pdf.PDF object at 0x0000024FF784D020>,17
<pdfplumber.pdf.PDF object at 0x0000024FF784D230>,17
<pdfplumber.pdf.PDF object at 0x0000024FF784D440>,17
<pdfplumber.pdf.PDF object at 0x0000024FF784D650>,17
<pdfplumber.pdf.PDF object at 0x0000024FF784D860>,17
<pdfplumber.pdf.PDF object at 0x0000024FF784DA70>,17
<pdfplumber.pdf.PDF object at 0x0000024FF784DC80>,17
<pdfplumber.pdf.PDF object at 0x0000024FF784DE90>,17
<pdfplumber.pdf.PDF object at 0x0000024FF784E0A0>,17
<pdfplumber.pdf.PDF object at 0x0000024FF784E2B0>,17
<pdfplumber.pdf.PDF object at 0x0000024FF784E4C0>,17
<pdfplumber.pdf.PDF object at 0x0000024FF784E6D0>,17
<pdfplumber.pdf.PDF object at 0x0000024FF784E8E0>,17
<pdfplumber.pdf.PDF object at 0x0000024FF784EAF0>,17
<pdfplumber.pdf.PDF object at 0x0000024FF784ED00>,17
<pdfplumber.pdf.PDF object at 0x0000024FF784EF10>,17
<pdfplumber.pdf.PDF object at 0x0000024FF784F120>,17
<pdfplumber.pdf.PDF object at 0x0000024FF784F330>,17
<pdfplumber.pdf.PDF object at 0x0000024FF784F540>,17
<pdfplumber.pdf.PDF object at 0x0000024FF784F750>,17
<pdfplumber.pdf.PDF object at 0x0000024FF784F960>,17
<pdfplumber.pdf.PDF object at 0x0000024FF784FB70>,17
<pdfplumber.pdf.PDF object at 0x0000024FF784FD80>,17
<pdfplumber.pdf.PDF object at 0x0000024FF7878050>,17
<pdfplumber.pdf.PDF object at 0x0000024FF7878260>,17
<pdfplumber.pdf.PDF object at 0x0000024FF7878470>,17
<pdfplumber.pdf.PDF object at 0x0000024FF7878680>,17
<pdfplumber.pdf.PDF object at 0x0000024FF7878890>,17
<pdfplumber.pdf.PDF object at 0x0000024FF7878AA0>,17
<pdfplumber.pdf.PDF object at 0x0000024FF7878CB0>,17
<pdfplumber.pdf.PDF object at 0x0000024FF7878EC0>,17
<pdfplumber.pdf.PDF object at 0x0000024FF78790D0>,17
<pdfplumber.pdf.PDF object at 0x0000024FF78792E0>,17
<pdfplumber.pdf.PDF object at 0x0000024FF78794F0>,17
<pdfplumber.pdf.PDF object at 0x0000024FF7879700>,17
<pdfplumber.pdf.PDF object at 0x0000024FF7879910>,17
<pdfplumber.pdf.PDF object at 0x0000024FF7879B20>,18
<pdfplumber.pdf.PDF object at 0x0000024FF7879D30>,18
<pdfplumber.pdf.PDF object at 0x0000024FF7879F40>,18
<pdfplumber.pdf.PDF object at 0x0000024FF787A150>,18
<pdfplumber.pdf.PDF object at 0x0000024FF787A360>,18
<pdfplumber.pdf.PDF object at 0x0000024FF787A570>,18
<pdfplumber.pdf.PDF object at 0x0000024FF787A780>,18
<pdfplumber.pdf.PDF object at 0x0000024FF787A990>,18
<pdfplumber.pdf.PDF object at 0x0000024FF787ABA0>,18
<pdfplumber.pdf.PDF object at 0x0000024FF787ADB0>,18
<pdfplumber.pdf.PDF object at 0x0000024FF787AFC0>,18
<pdfplumber.pdf.PDF object at 0x0000024FF787B1D0>,18
<pdfplumber.pdf.PDF object at 0x0000024FF787B3E0>,18
<pdfplumber.pdf.PDF object at 0x0000024FF787B5F0>,18
<pdfplumber.pdf.PDF object at 0x0000024FF787B800>,18
<pdfplumber.pdf.PDF object at 0x0000024FF787BA10>,18
<pdfplumber.pdf.PDF object at 0x0000024FF787BC20>,18
<pdfplumber.pdf.PDF object at 0x0000024FF787BE30>,18
<pdfplumber.pdf.PDF object at 0x0000024FF78A8100>,18
<pdfplumber.pdf.PDF object at 0x0000024FF78A8310>,18
<pdfplumber.pdf.PDF object at 0x0000024FF78A8520>,18
<pdfplumber.pdf.PDF object at 0x0000024FF78A8730>,18
<pdfplumber.pdf.PDF object at 0x0000024FF78A8940>,18
<pdfplumber.pdf.PDF object at 0x0000024FF78A8B50>,18
<pdfplumber.pdf.PDF object at 0x0000024FF78A8D60>,18
<pdfplumber.pdf.PDF object at 0x0000024FF78A8F70>,18
<pdfplumber.pdf.PDF object at 0x0000024FF78A9180>,18
<pdfplumber.pdf.PDF object at 0x0000024FF78A9390>,18
<pdfplumber.pdf.PDF object at 0x0000024FF78A95A0>,18
<pdfplumber.pdf.PDF object at 0x0000024FF78A97B0>,18
<pdfplumber.pdf.PDF object at 0x0000024FF78A99C0>,18
<pdfplumber.pdf.PDF object at 0x0000024FF78A9BD0>,18
<pdfplumber.pdf.PDF object at 0x0000024FF78A9DE0>,18
<pdfplumber.pdf.PDF object at 0x0000024FF78A9FF0>,18
<pdfplumber.pdf.PDF object at 0x0000024FF78AA200>,18
<pdfplumber.pdf.PDF object at 0x0000024FF78AA410>,18
<pdfplumber.pdf.PDF object at 0x0000024FF78AA620>,18
<pdfplumber.pdf.PDF object at 0x0000024FF78AA830>,18
<pdfplumber.pdf.PDF object at 0x0000024FF78AAA40>,18
<pdfplumber.pdf.PDF object at 0x0000024FF78AAC50>,18
<pdfplumber.pdf.PDF object at 0x0000024FF78AAE60>,18
<pdfplumber.pdf.PDF object at 0x0000024FF78AB070>,18
<pdfplumber.pdf.PDF object at 0x0000024FF78AB280>,18
<pdfplumber.pdf.PDF object at 0x0000024FF78AB490>,18
<pdfplumber.pdf.PDF object at 0x0000024FF78AB6A0>,18
<pdfplumber.pdf.PDF object at 0x0000024FF78AB8B0>,18
<pdfplumber.pdf.PDF object at 0x0000024FF78ABAC0>,18
<pdfplumber.pdf.PDF object at 0x0000024FF78ABCD0>,18
<pdfplumber.pdf.PDF object at 0x0000024FF78ABEE0>,18
<pdfplumber.pdf.PDF object at 0x0000024FF88AC1B0>,18
<pdfplumber.pdf.PDF object at 0x0000024FF88AC3C0>,18
<pdfplumber.pdf.PDF object at 0x0000024FF88AC5D0>,18
<pdfplumber.pdf.PDF object at 0x0000024FF88AC7E0>,18
<pdfplumber.pdf.PDF object at 0x0000024FF88AC9F0>,18
<pdfplumber.pdf.PDF object at 0x0000024FF88ACC00>,18
<pdfplumber.pdf.PDF object at 0x0000024FF88ACE10>,18
<pdfplumber.pdf.PDF object at 0x0000024FF88AD020>,18
<pdfplumber.pdf.PDF object at 0x0000024FF88AD230>,18
<pdfplumber.pdf.PDF object at 0x0000024FF88AD440>,18
<pdfplumber.pdf.PDF object at 0x0000024FF88AD650>,18
<pdfplumber.pdf.PDF object at 0x0000024FF88AD860>,18
<pdfplumber.pdf.PDF object at 0x0000024FF88ADA70>,18
<pdfplumber.pdf.PDF object at 0x0000024FF88ADC80>,18
<pdfplumber.pdf.PDF object at 0x0000024FF88ADE90>,18
<pdfplumber.pdf.PDF object at 0x0000024FF88AE0A0>,18
<pdfplumber.pdf.PDF object at 0x0000024FF88AE2B0>,18
<pdfplumber.pdf.PDF object at 0x0000024FF88AE4C0>,18
<pdfplumber.pdf.PDF object at 0x0000024FF88AE6D0>,18
<pdfplumber.pdf.PDF object at 0x0000024FF88AE8E0>,18
<pdfplumber.pdf.PDF object at 0x0000024FF88AEAF0>,18
<pdfplumber.pdf.PDF object at 0x0000024FF88AED00>,18
<pdfplumber.pdf.PDF object at 0x0000024FF88AEF10>,18
<pdfplumber.pdf.PDF object at 0x0000024FF88AF120>,18
<pdfplumber.pdf.PDF object at 0x0000024FF88AF330>,18
<pdfplumber.pdf.PDF object at 0x0000024FF88AF540>,18
<pdfplumber.pdf.PDF object at 0x0000024FF88AF750>,18
<pdfplumber.pdf.PDF object at 0x0000024FF88AF960>,18
<pdfplumber.pdf.PDF object at 0x0000024FF88AFB70>,18
<pdfplumber.pdf.PDF object at 0x0000024FF88AFD80>,18
<pdfplumber.pdf.PDF object at 0x0000024FF88D8050>,18
<pdfplumber.pdf.PDF object at 0x0000024FF88D8260>,18
<pdfplumber.pdf.PDF object at 0x0000024FF88D8470>,18
<pdfplumber.pdf.PDF object at 0x0000024FF88D8680>,18
<pdfplumber.pdf.PDF object at 0x0000024FF88D8890>,18
<pdfplumber.pdf.PDF object at 0x0000024FF88D8AA0>,18
<pdfplumber.pdf.PDF object at 0x0000024FF88D8CB0>,18
<pdfplumber.pdf.PDF object at 0x0000024FF88D8EC0>,18
<pdfplumber.pdf.PDF object at 0x0000024FF88D90D0>,18
<pdfplumber.pdf.PDF object at 0x0000024FF88D92E0>,18
<pdfplumber.pdf.PDF object at 0x0000024FF88D94F0>,18
<pdfplumber.pdf.PDF object at 0x0000024FF88D9700>,18
<pdfplumber.pdf.PDF object at 0x0000024FF88D9910>,18
<pdfplumber.pdf.PDF object at 0x0000024FF88D9B20>,18
<pdfplumber.pdf.PDF object at 0x0000024FF88D9D30>,18
<pdfplumber.pdf.PDF object at 0x0000024FF88D9F40>,18
<pdfplumber.pdf.PDF object at 0x0000024FF88DA150>,18
<pdfplumber.pdf.PDF object at 0x0000024FF88DA360>,18
<pdfplumber.pdf.PDF object at 0x0000024FF88DA570>,18
<pdfplumber.pdf.PDF object at 0x0000024FF88DA780>,18
<pdfplumber.pdf.PDF object at 0x0000024FF88DA990>,18
<pdfplumber.pdf.PDF object at 0x0000024FF88DABA0>,18
<pdfplumber.pdf.PDF object at 0x0000024FF88DADB0>,18
<pdfplumber.pdf.PDF object at 0x0000024FF88DAFC0>,18
<pdfplumber.pdf.PDF object at 0x0000024FF88DB1D0>,18
<pdfplumber.pdf.PDF object at 0x0000024FF88DB3E0>,18
<pdfplumber.pdf.PDF object at 0x0000024FF88DB5F0>,18
<pdfplumber.pdf.PDF object at 0x0000024FF88DB800>,18
<pdfplumber.pdf.PDF object at 0x0000024FF88DBA10>,18
<pdfplumber.pdf.PDF object at 0x0000024FF88DBC20>,18
<pdfplumber.pdf.PDF object at 0x0000024FF88DBE30>,18
<pdfplumber.pdf.PDF object at 0x0000024FF890C100>,18
<pdfplumber.pdf.PDF object at 0x0000024FF890C310>,18
<pdfplumber.pdf.PDF object at 0x0000024FF890C520>,18
<pdfplumber.pdf.PDF object at 0x0000024FF890C730>,18
<pdfplumber.pdf.PDF object at 0x0000024FF890C940>,18
<pdfplumber.pdf.PDF object at 0x0000024FF890CB50>,19
<pdfplumber.pdf.PDF object at 0x0000024FF890CD60>,19
<pdfplumber.pdf.PDF object at 0x0000024FF890CF70>,19
<pdfplumber.pdf.PDF object at 0x0000024FF890D180>,19
<pdfplumber.pdf.PDF object at 0x0000024FF890D390>,19
<pdfplumber.pdf.PDF object at 0x0000024FF890D5A0>,19
<pdfplumber.pdf.PDF object at 0x0000024FF890D7B0>,19
<pdfplumber.pdf.PDF object at 0x0000024FF890D9C0>,19
<pdfplumber.pdf.PDF object at 0x0000024FF890DBD0>,19
<pdfplumber.pdf.PDF object at 0x0000024FF890DDE0>,19
<pdfplumber.pdf.PDF object at 0x0000024FF890DFF0>,19
<pdfplumber.pdf.PDF object at 0x0000024FF890E200>,19
<pdfplumber.pdf.PDF object at 0x0000024FF890E410>,19
<pdfplumber.pdf.PDF object at 0x0000024FF890E620>,19
<pdfplumber.pdf.PDF object at 0x0000024FF890E830>,19
<pdfplumber.pdf.PDF object at 0x0000024FF890EA40>,19
<pdfplumber.pdf.PDF object at 0x0000024FF890EC50>,19
<pdfplumber.pdf.PDF object at 0x0000024FF890EE60>,19
<pdfplumber.pdf.PDF object at 0x0000024FF890F070>,19
<pdfplumber.pdf.PDF object at 0x0000024FF890F280>,19
<pdfplumber.pdf.PDF object at 0x0000024FF890F490>,19
<pdfplumber.pdf.PDF object at 0x0000024FF890F6A0>,19
<pdfplumber.pdf.PDF object at 0x0000024FF890F8B0>,19
<pdfplumber.pdf.PDF object at 0x0000024FF890FAC0>,19
<pdfplumber.pdf.PDF object at 0x0000024FF890FCD0>,19
<pdfplumber.pdf.PDF object at 0x0000024FF890FEE0>,19
<pdfplumber.pdf.PDF object at 0x0000024FF89381B0>,19
<pdfplumber.pdf.PDF object at 0x0000024FF89383C0>,19
<pdfplumber.pdf.PDF object at 0x0000024FF89385D0>,19
<pdfplumber.pdf.PDF object at 0x0000024FF89387E0>,19
<pdfplumber.pdf.PDF object at 0x0000024FF89389F0>,19
<pdfplumber.pdf.PDF object at 0x0000024FF8938C00>,19
<pdfplumber.pdf.PDF object at 0x0000024FF8938E10>,19
<pdfplumber.pdf.PDF object at 0x0000024FF8939020>,19
<pdfplumber.pdf.PDF object at 0x0000024FF8939230>,19
<pdfplumber.pdf.PDF object at 0x0000024FF8939440>,19
<pdfplumber.pdf.PDF object at 0x0000024FF8939650>,19
<pdfplumber.pdf.PDF object at 0x0000024FF8939860>,19
<pdfplumber.pdf.PDF object at 0x0000024FF8939A70>,19
<pdfplumber.pdf.PDF object at 0x0000024FF8939C80>,19
<pdfplumber.pdf.PDF object at 0x0000024FF8939E90>,19
<pdfplumber.pdf.PDF object at 0x0000024FF893A0A0>,19
<pdfplumber.pdf.PDF object at 0x0000024FF893A2B0>,19
<pdfplumber.pdf.PDF object at 0x0000024FF893A4C0>,19
<pdfplumber.pdf.PDF object at 0x0000024FF893A6D0>,19
<pdfplumber.pdf.PDF object at 0x0000024FF893A8E0>,19
<pdfplumber.pdf.PDF object at 0x0000024FF893AAF0>,19
<pdfplumber.pdf.PDF object at 0x0000024FF893AD00>,19
<pdfplumber.pdf.PDF object at 0x0000024FF893AF10>,19
<pdfplumber.pdf.PDF object at 0x0000024FF893B120>,19
<pdfplumber.pdf.PDF object at 0x0000024FF893B330>,19
<pdfplumber.pdf.PDF object at 0x0000024FF893B540>,19
<pdfplumber.pdf.PDF object at 0x0000024FF893B750>,19
<pdfplumber.pdf.PDF object at 0x0000024FF893B960>,19
<pdfplumber.pdf.PDF object at 0x0000024FF893BB70>,19
<pdfplumber.pdf.PDF object at 0x0000024FF893BD80>,19
<pdfplumber.pdf.PDF object at 0x0000024FF8970050>,19
<pdfplumber.pdf.PDF object at 0x0000024FF8970260>,19
<pdfplumber.pdf.PDF object at 0x0000024FF8970470>,19
<pdfplumber.pdf.PDF object at 0x0000024FF8970680>,19
<pdfplumber.pdf.PDF object at 0x0000024FF8970890>,19
<pdfplumber.pdf.PDF object at 0x0000024FF8970AA0>,19
<pdfplumber.pdf.PDF object at 0x0000024FF8970CB0>,19
<pdfplumber.pdf.PDF object at 0x0000024FF8970EC0>,19
<pdfplumber.pdf.PDF object at 0x0000024FF89710D0>,19
<pdfplumber.pdf.PDF object at 0x0000024FF89712E0>,19
<pdfplumber.pdf.PDF object at 0x0000024FF89714F0>,19
<pdfplumber.pdf.PDF object at 0x0000024FF8971700>,19
<pdfplumber.pdf.PDF object at 0x0000024FF8971910>,19
<pdfplumber.pdf.PDF object at 0x0000024FF8971B20>,19
<pdfplumber.pdf.PDF object at 0x0000024FF8971D30>,19
<pdfplumber.pdf.PDF object at 0x0000024FF8971F40>,19
<pdfplumber.pdf.PDF object at 0x0000024FF8972150>,19
<pdfplumber.pdf.PDF object at 0x0000024FF8972360>,19
<pdfplumber.pdf.PDF object at 0x0000024FF8972570>,19
<pdfplumber.pdf.PDF object at 0x0000024FF8972780>,19
<pdfplumber.pdf.PDF object at 0x0000024FF8972990>,19
<pdfplumber.pdf.PDF object at 0x0000024FF8972BA0>,19
<pdfplumber.pdf.PDF object at 0x0000024FF8972DB0>,19
<pdfplumber.pdf.PDF object at 0x0000024FF8972FC0>,19
<pdfplumber.pdf.PDF object at 0x0000024FF89731D0>,19
<pdfplumber.pdf.PDF object at 0x0000024FF89733E0>,19
<pdfplumber.pdf.PDF object at 0x0000024FF89735F0>,19
<pdfplumber.pdf.PDF object at 0x0000024FF8973800>,19
<pdfplumber.pdf.PDF object at 0x0000024FF8973A10>,19
<pdfplumber.pdf.PDF object at 0x0000024FF8973C20>,19
<pdfplumber.pdf.PDF object at 0x0000024FF8973E30>,19
<pdfplumber.pdf.PDF object at 0x0000024FF899C100>,19
<pdfplumber.pdf.PDF object at 0x0000024FF899C310>,19
<pdfplumber.pdf.PDF object at 0x0000024FF899C520>,19
<pdfplumber.pdf.PDF object at 0x0000024FF899C730>,19
<pdfplumber.pdf.PDF object at 0x0000024FF899C940>,19
<pdfplumber.pdf.PDF object at 0x0000024FF899CB50>,19
<pdfplumber.pdf.PDF object at 0x0000024FF899CD60>,19
<pdfplumber.pdf.PDF object at 0x0000024FF899CF70>,19
<pdfplumber.pdf.PDF object at 0x0000024FF899D180>,19
<pdfplumber.pdf.PDF object at 0x0000024FF899D390>,19
<pdfplumber.pdf.PDF object at 0x0000024FF899D5A0>,19
<pdfplumber.pdf.PDF object at 0x0000024FF899D7B0>,19
<pdfplumber.pdf.PDF object at 0x0000024FF899D9C0>,19
<pdfplumber.pdf.PDF object at 0x0000024FF899DBD0>,19
<pdfplumber.pdf.PDF object at 0x0000024FF899DDE0>,19
<pdfplumber.pdf.PDF object at 0x0000024FF899DFF0>,19
<pdfplumber.pdf.PDF object at 0x0000024FF899E200>,19
<pdfplumber.pdf.PDF object at 0x0000024FF899E410>,19
<pdfplumber.pdf.PDF object at 0x0000024FF899E620>,19
<pdfplumber.pdf.PDF object at 0x0000024FF899E830>,19
<pdfplumber.pdf.PDF object at 0x0000024FF899EA40>,19
<pdfplumber.pdf.PDF object at 0x0000024FF899EC50>,19
<pdfplumber.pdf.PDF object at 0x0000024FF899EE60>,19
<pdfplumber.pdf.PDF object at 0x0000024FF899F070>,20
<pdfplumber.pdf.PDF object at 0x0000024FF899F280>,20
<pdfplumber.pdf.PDF object at 0x0000024FF899F490>,20
<pdfplumber.pdf.PDF object at 0x0000024FF899F6A0>,20
<pdfplumber.pdf.PDF object at 0x0000024FF899F8B0>,20
<pdfplumber.pdf.PDF object at 0x0000024FF899FAC0>,20
<pdfplumber.pdf.PDF object at 0x0000024FF899FCD0>,20
<pdfplumber.pdf.PDF object at 0x0000024FF899FEE0>,20
<pdfplumber.pdf.PDF object at 0x0000024FF89D01B0>,20
<pdfplumber.pdf.PDF object at 0x0000024FF89D03C0>,20
<pdfplumber.pdf.PDF object at 0x0000024FF89D05D0>,20
<pdfplumber.pdf.PDF object at 0x0000024FF89D07E0>,20
<pdfplumber.pdf.PDF object at 0x0000024FF89D09F0>,20
<pdfplumber.pdf.PDF object at 0x0000024FF89D0C00>,20
<pdfplumber.pdf.PDF object at 0x0000024FF89D0E10>,20
<pdfplumber.pdf.PDF object at 0x0000024FF89D1020>,20
<pdfplumber.pdf.PDF object at 0x0000024FF89D1230>,20
<pdfplumber.pdf.PDF object at 0x0000024FF89D1440>,20
<pdfplumber.pdf.PDF object at 0x0000024FF89D1650>,20
<pdfplumber.pdf.PDF object at 0x0000024FF89D1860>,20
<pdfplumber.pdf.PDF object at 0x0000024FF89D1A70>,20
<pdfplumber.pdf.PDF object at 0x0000024FF89D1C80>,20
<pdfplumber.pdf.PDF object at 0x0000024FF89D1E90>,20
<pdfplumber.pdf.PDF object at 0x0000024FF89D20A0>,20
<pdfplumber.pdf.PDF object at 0x0000024FF89D22B0>,20
<pdfplumber.pdf.PDF object at 0x0000024FF89D24C0>,20
<pdfplumber.pdf.PDF object at 0x0000024FF89D26D0>,20
<pdfplumber.pdf.PDF object at 0x0000024FF89D28E0>,20
<pdfplumber.pdf.PDF object at 0x0000024FF89D2AF0>,20
<pdfplumber.pdf.PDF object at 0x0000024FF89D2D00>,20
<pdfplumber.pdf.PDF object at 0x0000024FF89D2F10>,20
<pdfplumber.pdf.PDF object at 0x0000024FF89D3120>,20
<pdfplumber.pdf.PDF object at 0x0000024FF89D3330>,20
<pdfplumber.pdf.PDF object at 0x0000024FF89D3540>,20
<pdfplumber.pdf.PDF object at 0x0000024FF89D3750>,20
<pdfplumber.pdf.PDF object at 0x0000024FF89D3960>,20
<pdfplumber.pdf.PDF object at 0x0000024FF89D3B70>,20
<pdfplumber.pdf.PDF object at 0x0000024FF89D3D80>,20
<pdfplumber.pdf.PDF object at 0x0000024FF8A00050>,20
<pdfplumber.pdf.PDF object at 0x0000024FF8A00260>,20
<pdfplumber.pdf.PDF object at 0x0000024FF8A00470>,20
<pdfplumber.pdf.PDF object at 0x0000024FF8A00680>,20
<pdfplumber.pdf.PDF object at 0x0000024FF8A00890>,20
<pdfplumber.pdf.PDF object at 0x0000024FF8A00AA0>,20
<pdfplumber.pdf.PDF object at 0x0000024FF8A00CB0>,20
<pdfplumber.pdf.PDF object at 0x0000024FF8A00EC0>,20
<pdfplumber.pdf.PDF object at 0x0000024FF8A010D0>,20
<pdfplumber.pdf.PDF object at 0x0000024FF8A012E0>,20
<pdfplumber.pdf.PDF object at 0x0000024FF8A014F0>,20
<pdfplumber.pdf.PDF object at 0x0000024FF8A01700>,20
<pdfplumber.pdf.PDF object at 0x0000024FF8A01910>,20
<pdfplumber.pdf.PDF object at 0x0000024FF8A01B20>,20
<pdfplumber.pdf.PDF object at 0x0000024FF8A01D30>,20
<pdfplumber.pdf.PDF object at 0x0000024FF8A01F40>,20
<pdfplumber.pdf.PDF object at 0x0000024FF8A02150>,20
<pdfplumber.pdf.PDF object at 0x0000024FF8A02360>,20
<pdfplumber.pdf.PDF object at 0x0000024FF8A02570>,20
<pdfplumber.pdf.PDF object at 0x0000024FF8A02780>,20
<pdfplumber.pdf.PDF object at 0x0000024FF8A02990>,20
<pdfplumber.pdf.PDF object at 0x0000024FF8A02BA0>,20
<pdfplumber.pdf.PDF object at 0x0000024FF8A02DB0>,20
<pdfplumber.pdf.PDF object at 0x0000024FF8A02FC0>,20
<pdfplumber.pdf.PDF object at 0x0000024FF8A031D0>,20
<pdfplumber.pdf.PDF object at 0x0000024FF8A033E0>,20
<pdfplumber.pdf.PDF object at 0x0000024FF8A035F0>,20
<pdfplumber.pdf.PDF object at 0x0000024FF8A03800>,20
<pdfplumber.pdf.PDF object at 0x0000024FF8A03A10>,20
<pdfplumber.pdf.PDF object at 0x0000024FF8A03C20>,20
<pdfplumber.pdf.PDF object at 0x0000024FF8A03E30>,20
<pdfplumber.pdf.PDF object at 0x0000024FF8A34100>,20
<pdfplumber.pdf.PDF object at 0x0000024FF8A34310>,20
<pdfplumber.pdf.PDF object at 0x0000024FF8A34520>,20
<pdfplumber.pdf.PDF object at 0x0000024FF8A34730>,20
<pdfplumber.pdf.PDF object at 0x0000024FF8A34940>,20
<pdfplumber.pdf.PDF object at 0x0000024FF8A34B50>,20
<pdfplumber.pdf.PDF object at 0x0000024FF8A34D60>,20
<pdfplumber.pdf.PDF object at 0x0000024FF8A34F70>,20
<pdfplumber.pdf.PDF object at 0x0000024FF8A35180>,20
<pdfplumber.pdf.PDF object at 0x0000024FF8A35390>,20
<pdfplumber.pdf.PDF object at 0x0000024FF8A355A0>,20
<pdfplumber.pdf.PDF object at 0x0000024FF8A357B0>,20
<pdfplumber.pdf.PDF object at 0x0000024FF8A359C0>,20
<pdfplumber.pdf.PDF object at 0x0000024FF8A35BD0>,20
<pdfplumber.pdf.PDF object at 0x0000024FF8A35DE0>,20
<pdfplumber.pdf.PDF object at 0x0000024FF8A35FF0>,20
<pdfplumber.pdf.PDF object at 0x0000024FF8A36200>,20
<pdfplumber.pdf.PDF object at 0x0000024FF8A36410>,20
<pdfplumber.pdf.PDF object at 0x0000024FF8A36620>,20
<pdfplumber.pdf.PDF object at 0x0000024FF8A36830>,20
<pdfplumber.pdf.PDF object at 0x0000024FF8A36A40>,20
<pdfplumber.pdf.PDF object at 0x0000024FF8A36C50>,20
<pdfplumber.pdf.PDF object at 0x0000024FF8A36E60>,20
<pdfplumber.pdf.PDF object at 0x0000024FF8A37070>,20
<pdfplumber.pdf.PDF object at 0x0000024FF8A37280>,20
<pdfplumber.pdf.PDF object at 0x0000024FF8A37490>,20
<pdfplumber.pdf.PDF object at 0x0000024FF8A376A0>,20
<pdfplumber.pdf.PDF object at 0x0000024FF8A378B0>,20
<pdfplumber.pdf.PDF object at 0x0000024FF8A37AC0>,20
<pdfplumber.pdf.PDF object at 0x0000024FF8A37CD0>,20
<pdfplumber.pdf.PDF object at 0x0000024FF8A37EE0>,20
<pdfplumber.pdf.PDF object at 0x0000024FF8A6C1B0>,20
<pdfplumber.pdf.PDF object at 0x0000024FF8A6C3C0>,20
<pdfplumber.pdf.PDF object at 0x0000024FF8A6C5D0>,20
<pdfplumber.pdf.PDF object at 0x0000024FF8A6C7E0>,20
<pdfplumber.pdf.PDF object at 0x0000024FF8A6C9F0>,20
<pdfplumber.pdf.PDF object at 0x0000024FF8A6CC00>,20
<pdfplumber.pdf.PDF object at 0x0000024FF8A6CE10>,20
<pdfplumber.pdf.PDF object at 0x0000024FF8A6D020>,20
<pdfplumber.pdf.PDF object at 0x0000024FF8A6D230>,20
<pdfplumber.pdf.PDF object at 0x0000024FF8A6D440>,20
<pdfplumber.pdf.PDF object at 0x0000024FF8A6D650>,20
<pdfplumber.pdf.PDF object at 0x0000024FF8A6D860>,20
<pdfplumber.pdf.PDF object at 0x0000024FF8A6DA70>,20
<pdfplumber.pdf.PDF object at 0x0000024FF8A6DC80>,20
<pdfplumber.pdf.PDF object at 0x0000024FF8A6DE90>,20
<pdfplumber.pdf.PDF object at 0x0000024FF8A6E0A0>,20
<pdfplumber.pdf.PDF object at 0x0000024FF8A6E2B0>,20
<pdfplumber.pdf.PDF object at 0x0000024FF8A6E4C0>,20
<pdfplumber.pdf.PDF object at 0x0000024FF8A6E6D0>,20
<pdfplumber.pdf.PDF object at 0x0000024FF8A6E8E0>,20
<pdfplumber.pdf.PDF object at 0x0000024FF8A6EAF0>,21
<pdfplumber.pdf.PDF object at 0x0000024FF8A6ED00>,21
<pdfplumber.pdf.PDF object at 0x0000024FF8A6EF10>,21
<pdfplumber.pdf.PDF object at 0x0000024FF8A6F120>,21
<pdfplumber.pdf.PDF object at 0x0000024FF8A6F330>,21
<pdfplumber.pdf.PDF object at 0x0000024FF8A6F540>,21
<pdfplumber.pdf.PDF object at 0x0000024FF8A6F750>,21
<pdfplumber.pdf.PDF object at 0x0000024FF8A6F960>,21
<pdfplumber.pdf.PDF object at 0x0000024FF8A6FB70>,21
<pdfplumber.pdf.PDF object at 0x0000024FF8A6FD80>,21
<pdfplumber.pdf.PDF object at 0x0000024FF8A98050>,21
<pdfplumber.pdf.PDF object at 0x0000024FF8A98260>,21
<pdfplumber.pdf.PDF object at 0x0000024FF8A98470>,21
<pdfplumber.pdf.PDF object at 0x0000024FF8A98680>,21
<pdfplumber.pdf.PDF object at 0x0000024FF8A98890>,21
<pdfplumber.pdf.PDF object at 0x0000024FF8A98AA0>,21
<pdfplumber.pdf.PDF object at 0x0000024FF8A98CB0>,21
<pdfplumber.pdf.PDF object at 0x0000024FF8A98EC0>,21
<pdfplumber.pdf.PDF object at 0x0000024FF8A990D0>,21
<pdfplumber.pdf.PDF object at 0x0000024FF8A992E0>,21
<pdfplumber.pdf.PDF object at 0x0000024FF8A994F0>,21
<pdfplumber.pdf.PDF object at 0x0000024FF8A99700>,21
<pdfplumber.pdf.PDF object at 0x0000024FF8A99910>,21
<pdfplumber.pdf.PDF object at 0x0000024FF8A99B20>,21
<pdfplumber.pdf.PDF object at 0x0000024FF8A99D30>,21
<pdfplumber.pdf.PDF object at 0x0000024FF8A99F40>,21
<pdfplumber.pdf.PDF object at 0x0000024FF8A9A150>,21
<pdfplumber.pdf.PDF object at 0x0000024FF8A9A360>,21
<pdfplumber.pdf.PDF object at 0x0000024FF8A9A570>,21
<pdfplumber.pdf.PDF object at 0x0000024FF8A9A780>,21
<pdfplumber.pdf.PDF object at 0x0000024FF8A9A990>,21
<pdfplumber.pdf.PDF object at 0x0000024FF8A9ABA0>,21
<pdfplumber.pdf.PDF object at 0x0000024FF8A9ADB0>,21
<pdfplumber.pdf.PDF object at 0x0000024FF8A9AFC0>,21
<pdfplumber.pdf.PDF object at 0x0000024FF8A9B1D0>,21
<pdfplumber.pdf.PDF object at 0x0000024FF8A9B3E0>,21
<pdfplumber.pdf.PDF object at 0x0000024FF8A9B5F0>,21
<pdfplumber.pdf.PDF object at 0x0000024FF8A9B800>,21
<pdfplumber.pdf.PDF object at 0x0000024FF8A9BA10>,21
<pdfplumber.pdf.PDF object at 0x0000024FF8A9BC20>,21
<pdfplumber.pdf.PDF object at 0x0000024FF8A9BE30>,21
<pdfplumber.pdf.PDF object at 0x0000024FF8ACC100>,21
<pdfplumber.pdf.PDF object at 0x0000024FF8ACC310>,21
<pdfplumber.pdf.PDF object at 0x0000024FF8ACC520>,21
<pdfplumber.pdf.PDF object at 0x0000024FF8ACC730>,21
<pdfplumber.pdf.PDF object at 0x0000024FF8ACC940>,21
<pdfplumber.pdf.PDF object at 0x0000024FF8ACCB50>,21
<pdfplumber.pdf.PDF object at 0x0000024FF8ACCD60>,21
<pdfplumber.pdf.PDF object at 0x0000024FF8ACCF70>,21
<pdfplumber.pdf.PDF object at 0x0000024FF8ACD180>,21
<pdfplumber.pdf.PDF object at 0x0000024FF8ACD390>,21
<pdfplumber.pdf.PDF object at 0x0000024FF8ACD5A0>,21
<pdfplumber.pdf.PDF object at 0x0000024FF8ACD7B0>,21
<pdfplumber.pdf.PDF object at 0x0000024FF8ACD9C0>,21
<pdfplumber.pdf.PDF object at 0x0000024FF8ACDBD0>,21
<pdfplumber.pdf.PDF object at 0x0000024FF8ACDDE0>,21
<pdfplumber.pdf.PDF object at 0x0000024FF8ACDFF0>,21
<pdfplumber.pdf.PDF object at 0x0000024FF8ACE200>,21
<pdfplumber.pdf.PDF object at 0x0000024FF8ACE410>,21
<pdfplumber.pdf.PDF object at 0x0000024FF8ACE620>,21
<pdfplumber.pdf.PDF object at 0x0000024FF8ACE830>,21
<pdfplumber.pdf.PDF object at 0x0000024FF8ACEA40>,21
<pdfplumber.pdf.PDF object at 0x0000024FF8ACEC50>,21
<pdfplumber.pdf.PDF object at 0x0000024FF8ACEE60>,21
<pdfplumber.pdf.PDF object at 0x0000024FF8ACF070>,21
<pdfplumber.pdf.PDF object at 0x0000024FF8ACF280>,21
<pdfplumber.pdf.PDF object at 0x0000024FF8ACF490>,21
<pdfplumber.pdf.PDF object at 0x0000024FF8ACF6A0>,21
<pdfplumber.pdf.PDF object at 0x0000024FF8ACF8B0>,21
<pdfplumber.pdf.PDF object at 0x0000024FF8ACFAC0>,21
<pdfplumber.pdf.PDF object at 0x0000024FF8ACFCD0>,21
<pdfplumber.pdf.PDF object at 0x0000024FF8ACFEE0>,21
<pdfplumber.pdf.PDF object at 0x0000024FF8AF81B0>,21
<pdfplumber.pdf.PDF object at 0x0000024FF8AF83C0>,21
<pdfplumber.pdf.PDF object at 0x0000024FF8AF85D0>,21
<pdfplumber.pdf.PDF object at 0x0000024FF8AF87E0>,21
<pdfplumber.pdf.PDF object at 0x0000024FF8AF89F0>,21
<pdfplumber.pdf.PDF object at 0x0000024FF8AF8C00>,21
<pdfplumber.pdf.PDF object at 0x0000024FF8AF8E10>,21
<pdfplumber.pdf.PDF object at 0x0000024FF8AF9020>,21
<pdfplumber.pdf.PDF object at 0x0000024FF8AF9230>,21
<pdfplumber.pdf.PDF object at 0x0000024FF8AF9440>,21
<pdfplumber.pdf.PDF object at 0x0000024FF8AF9650>,21
<pdfplumber.pdf.PDF object at 0x0000024FF8AF9860>,21
<pdfplumber.pdf.PDF object at 0x0000024FF8AF9A70>,21
<pdfplumber.pdf.PDF object at 0x0000024FF8AF9C80>,21
<pdfplumber.pdf.PDF object at 0x0000024FF8AF9E90>,21
<pdfplumber.pdf.PDF object at 0x0000024FF8AFA0A0>,21
<pdfplumber.pdf.PDF object at 0x0000024FF8AFA2B0>,21
<pdfplumber.pdf.PDF object at 0x0000024FF8AFA4C0>,21
<pdfplumber.pdf.PDF object at 0x0000024FF8AFA6D0>,21
<pdfplumber.pdf.PDF object at 0x0000024FF8AFA8E0>,21
<pdfplumber.pdf.PDF object at 0x0000024FF8AFAAF0>,21
<pdfplumber.pdf.PDF object at 0x0000024FF8AFAD00>,21
<pdfplumber.pdf.PDF object at 0x0000024FF8AFAF10>,21
<pdfplumber.pdf.PDF object at 0x0000024FF8AFB120>,21
<pdfplumber.pdf.PDF object at 0x0000024FF8AFB330>,21
<pdfplumber.pdf.PDF object at 0x0000024FF8AFB540>,21
<pdfplumber.pdf.PDF object at 0x0000024FF8AFB750>,21
<pdfplumber.pdf.PDF object at 0x0000024FF8AFB960>,21
<pdfplumber.pdf.PDF object at 0x0000024FF8AFBB70>,21
<pdfplumber.pdf.PDF object at 0x0000024FF8AFBD80>,21
<pdfplumber.pdf.PDF object at 0x0000024FF8B38050>,21
<pdfplumber.pdf.PDF object at 0x0000024FF8B38260>,21
<pdfplumber.pdf.PDF object at 0x0000024FF8B38470>,21
<pdfplumber.pdf.PDF object at 0x0000024FF8B38680>,21
<pdfplumber.pdf.PDF object at 0x0000024FF8B38890>,21
<pdfplumber.pdf.PDF object at 0x0000024FF8B38AA0>,21
<pdfplumber.pdf.PDF object at 0x0000024FF8B38CB0>,21
<pdfplumber.pdf.PDF object at 0x0000024FF8B38EC0>,21
<pdfplumber.pdf.PDF object at 0x0000024FF8B390D0>,21
<pdfplumber.pdf.PDF object at 0x0000024FF8B392E0>,22
<pdfplumber.pdf.PDF object at 0x0000024FF8B394F0>,22
<pdfplumber.pdf.PDF object at 0x0000024FF8B39700>,22
<pdfplumber.pdf.PDF object at 0x0000024FF8B39910>,22
<pdfplumber.pdf.PDF object at 0x0000024FF8B39B20>,22
<pdfplumber.pdf.PDF object at 0x0000024FF8B39D30>,22
<pdfplumber.pdf.PDF object at 0x0000024FF8B39F40>,22
<pdfplumber.pdf.PDF object at 0x0000024FF8B3A150>,22
<pdfplumber.pdf.PDF object at 0x0000024FF8B3A360>,22
<pdfplumber.pdf.PDF object at 0x0000024FF8B3A570>,22
<pdfplumber.pdf.PDF object at 0x0000024FF8B3A780>,22
<pdfplumber.pdf.PDF object at 0x0000024FF8B3A990>,22
<pdfplumber.pdf.PDF object at 0x0000024FF8B3ABA0>,22
<pdfplumber.pdf.PDF object at 0x0000024FF8B3ADB0>,22
<pdfplumber.pdf.PDF object at 0x0000024FF8B3AFC0>,22
<pdfplumber.pdf.PDF object at 0x0000024FF8B3B1D0>,22
<pdfplumber.pdf.PDF object at 0x0000024FF8B3B3E0>,22
<pdfplumber.pdf.PDF object at 0x0000024FF8B3B5F0>,22
<pdfplumber.pdf.PDF object at 0x0000024FF8B3B800>,22
<pdfplumber.pdf.PDF object at 0x0000024FF8B3BA10>,22
<pdfplumber.pdf.PDF object at 0x0000024FF8B3BC20>,22
<pdfplumber.pdf.PDF object at 0x0000024FF8B3BE30>,22
<pdfplumber.pdf.PDF object at 0x0000024FF8B64100>,22
<pdfplumber.pdf.PDF object at 0x0000024FF8B64310>,22
<pdfplumber.pdf.PDF object at 0x0000024FF8B64520>,22
<pdfplumber.pdf.PDF object at 0x0000024FF8B64730>,22
<pdfplumber.pdf.PDF object at 0x0000024FF8B64940>,22
<pdfplumber.pdf.PDF object at 0x0000024FF8B64B50>,22
<pdfplumber.pdf.PDF object at 0x0000024FF8B64D60>,22
<pdfplumber.pdf.PDF object at 0x0000024FF8B64F70>,22
<pdfplumber.pdf.PDF object at 0x0000024FF8B65180>,22
<pdfplumber.pdf.PDF object at 0x0000024FF8B65390>,22
<pdfplumber.pdf.PDF object at 0x0000024FF8B655A0>,22
<pdfplumber.pdf.PDF object at 0x0000024FF8B657B0>,22
<pdfplumber.pdf.PDF object at 0x0000024FF8B659C0>,22
<pdfplumber.pdf.PDF object at 0x0000024FF8B65BD0>,22
<pdfplumber.pdf.PDF object at 0x0000024FF8B65DE0>,22
<pdfplumber.pdf.PDF object at 0x0000024FF8B65FF0>,22
<pdfplumber.pdf.PDF object at 0x0000024FF8B66200>,22
<pdfplumber.pdf.PDF object at 0x0000024FF8B66410>,22
<pdfplumber.pdf.PDF object at 0x0000024FF8B66620>,22
<pdfplumber.pdf.PDF object at 0x0000024FF8B66830>,22
<pdfplumber.pdf.PDF object at 0x0000024FF8B66A40>,22
<pdfplumber.pdf.PDF object at 0x0000024FF8B66C50>,22
<pdfplumber.pdf.PDF object at 0x0000024FF8B66E60>,22
<pdfplumber.pdf.PDF object at 0x0000024FF8B67070>,22
<pdfplumber.pdf.PDF object at 0x0000024FF8B67280>,22
<pdfplumber.pdf.PDF object at 0x0000024FF8B67490>,22
<pdfplumber.pdf.PDF object at 0x0000024FF8B676A0>,22
<pdfplumber.pdf.PDF object at 0x0000024FF8B678B0>,22
<pdfplumber.pdf.PDF object at 0x0000024FF8B67AC0>,22
<pdfplumber.pdf.PDF object at 0x0000024FF8B67CD0>,22
<pdfplumber.pdf.PDF object at 0x0000024FF8B67EE0>,22
<pdfplumber.pdf.PDF object at 0x0000024FF8B8C1B0>,22
<pdfplumber.pdf.PDF object at 0x0000024FF8B8C3C0>,22
<pdfplumber.pdf.PDF object at 0x0000024FF8B8C5D0>,22
<pdfplumber.pdf.PDF object at 0x0000024FF8B8C7E0>,22
<pdfplumber.pdf.PDF object at 0x0000024FF8B8C9F0>,22
<pdfplumber.pdf.PDF object at 0x0000024FF8B8CC00>,22
<pdfplumber.pdf.PDF object at 0x0000024FF8B8CE10>,22
<pdfplumber.pdf.PDF object at 0x0000024FF8B8D020>,22
<pdfplumber.pdf.PDF object at 0x0000024FF8B8D230>,22
<pdfplumber.pdf.PDF object at 0x0000024FF8B8D440>,22
<pdfplumber.pdf.PDF object at 0x0000024FF8B8D650>,22
<pdfplumber.pdf.PDF object at 0x0000024FF8B8D860>,22
<pdfplumber.pdf.PDF object at 0x0000024FF8B8DA70>,22
<pdfplumber.pdf.PDF object at 0x0000024FF8B8DC80>,22
<pdfplumber.pdf.PDF object at 0x0000024FF8B8DE90>,22
<pdfplumber.pdf.PDF object at 0x0000024FF8B8E0A0>,22
<pdfplumber.pdf.PDF object at 0x0000024FF8B8E2B0>,22
<pdfplumber.pdf.PDF object at 0x0000024FF8B8E4C0>,22
<pdfplumber.pdf.PDF object at 0x0000024FF8B8E6D0>,22
<pdfplumber.pdf.PDF object at 0x0000024FF8B8E8E0>,22
<pdfplumber.pdf.PDF object at 0x0000024FF8B8EAF0>,22
<pdfplumber.pdf.PDF object at 0x0000024FF8B8ED00>,22
<pdfplumber.pdf.PDF object at 0x0000024FF8B8EF10>,22
<pdfplumber.pdf.PDF object at 0x0000024FF8B8F120>,22
<pdfplumber.pdf.PDF object at 0x0000024FF8B8F330>,22
<pdfplumber.pdf.PDF object at 0x0000024FF8B8F540>,22
<pdfplumber.pdf.PDF object at 0x0000024FF8B8F750>,22
<pdfplumber.pdf.PDF object at 0x0000024FF8B8F960>,22
<pdfplumber.pdf.PDF object at 0x0000024FF8B8FB70>,22
<pdfplumber.pdf.PDF object at 0x0000024FF8B8FD80>,22
<pdfplumber.pdf.PDF object at 0x0000024FF8BC0050>,22
<pdfplumber.pdf.PDF object at 0x0000024FF8BC0260>,22
<pdfplumber.pdf.PDF object at 0x0000024FF8BC0470>,22
<pdfplumber.pdf.PDF object at 0x0000024FF8BC0680>,22
<pdfplumber.pdf.PDF object at 0x0000024FF8BC0890>,22
<pdfplumber.pdf.PDF object at 0x0000024FF8BC0AA0>,22
<pdfplumber.pdf.PDF object at 0x0000024FF8BC0CB0>,22
<pdfplumber.pdf.PDF object at 0x0000024FF8BC0EC0>,22
<pdfplumber.pdf.PDF object at 0x0000024FF8BC10D0>,22
<pdfplumber.pdf.PDF object at 0x0000024FF8BC12E0>,22
<pdfplumber.pdf.PDF object at 0x0000024FF8BC14F0>,22
<pdfplumber.pdf.PDF object at 0x0000024FF8BC1700>,22
<pdfplumber.pdf.PDF object at 0x0000024FF8BC1910>,22
<pdfplumber.pdf.PDF object at 0x0000024FF8BC1B20>,22
<pdfplumber.pdf.PDF object at 0x0000024FF8BC1D30>,22
<pdfplumber.pdf.PDF object at 0x0000024FF8BC1F40>,22
<pdfplumber.pdf.PDF object at 0x0000024FF8BC2150>,22
<pdfplumber.pdf.PDF object at 0x0000024FF8BC2360>,22
<pdfplumber.pdf.PDF object at 0x0000024FF8BC2570>,22
<pdfplumber.pdf.PDF object at 0x0000024FF8BC2780>,22
<pdfplumber.pdf.PDF object at 0x0000024FF8BC2990>,22
<pdfplumber.pdf.PDF object at 0x0000024FF8BC2BA0>,22
<pdfplumber.pdf.PDF object at 0x0000024FF8BC2DB0>,22
<pdfplumber.pdf.PDF object at 0x0000024FF8BC2FC0>,22
<pdfplumber.pdf.PDF object at 0x0000024FF8BC31D0>,22
<pdfplumber.pdf.PDF object at 0x0000024FF8BC33E0>,22
<pdfplumber.pdf.PDF object at 0x0000024FF8BC35F0>,22
<pdfplumber.pdf.PDF object at 0x0000024FF8BC3800>,22
<pdfplumber.pdf.PDF object at 0x0000024FF8BC3A10>,22
<pdfplumber.pdf.PDF object at 0x0000024FF8BC3C20>,22
<pdfplumber.pdf.PDF object at 0x0000024FF8BC3E30>,22
<pdfplumber.pdf.PDF object at 0x0000024FF8BEC100>,22
<pdfplumber.pdf.PDF object at 0x0000024FF8BEC310>,22
<pdfplumber.pdf.PDF object at 0x0000024FF8BEC520>,23
<pdfplumber.pdf.PDF object at 0x0000024FF8BEC730>,23
<pdfplumber.pdf.PDF object at 0x0000024FF8BEC940>,23
<pdfplumber.pdf.PDF object at 0x0000024FF8BECB50>,23
<pdfplumber.pdf.PDF object at 0x0000024FF8BECD60>,23
<pdfplumber.pdf.PDF object at 0x0000024FF8BECF70>,23
<pdfplumber.pdf.PDF object at 0x0000024FF8BED180>,23
<pdfplumber.pdf.PDF object at 0x0000024FF8BED390>,23
<pdfplumber.pdf.PDF object at 0x0000024FF8BED5A0>,23
<pdfplumber.pdf.PDF object at 0x0000024FF8BED7B0>,23
<pdfplumber.pdf.PDF object at 0x0000024FF8BED9C0>,23
<pdfplumber.pdf.PDF object at 0x0000024FF8BEDBD0>,23
<pdfplumber.pdf.PDF object at 0x0000024FF8BEDDE0>,23
<pdfplumber.pdf.PDF object at 0x0000024FF8BEDFF0>,23
<pdfplumber.pdf.PDF object at 0x0000024FF8BEE200>,23
<pdfplumber.pdf.PDF object at 0x0000024FF8BEE410>,23
<pdfplumber.pdf.PDF object at 0x0000024FF8BEE620>,23
<pdfplumber.pdf.PDF object at 0x0000024FF8BEE830>,23
<pdfplumber.pdf.PDF object at 0x0000024FF8BEEA40>,23
<pdfplumber.pdf.PDF object at 0x0000024FF8BEEC50>,23
<pdfplumber.pdf.PDF object at 0x0000024FF8BEEE60>,23
<pdfplumber.pdf.PDF object at 0x0000024FF8BEF070>,23
<pdfplumber.pdf.PDF object at 0x0000024FF8BEF280>,23
<pdfplumber.pdf.PDF object at 0x0000024FF8BEF490>,23
<pdfplumber.pdf.PDF object at 0x0000024FF8BEF6A0>,23
<pdfplumber.pdf.PDF object at 0x0000024FF8BEF8B0>,23
<pdfplumber.pdf.PDF object at 0x0000024FF8BEFAC0>,23
<pdfplumber.pdf.PDF object at 0x0000024FF8BEFCD0>,23
<pdfplumber.pdf.PDF object at 0x0000024FF8BEFEE0>,23
<pdfplumber.pdf.PDF object at 0x0000024FF8C201B0>,23
<pdfplumber.pdf.PDF object at 0x0000024FF8C203C0>,23
<pdfplumber.pdf.PDF object at 0x0000024FF8C205D0>,23
<pdfplumber.pdf.PDF object at 0x0000024FF8C207E0>,23
<pdfplumber.pdf.PDF object at 0x0000024FF8C209F0>,23
<pdfplumber.pdf.PDF object at 0x0000024FF8C20C00>,23
<pdfplumber.pdf.PDF object at 0x0000024FF8C20E10>,23
<pdfplumber.pdf.PDF object at 0x0000024FF8C21020>,23
<pdfplumber.pdf.PDF object at 0x0000024FF8C21230>,23
<pdfplumber.pdf.PDF object at 0x0000024FF8C21440>,23
<pdfplumber.pdf.PDF object at 0x0000024FF8C21650>,23
<pdfplumber.pdf.PDF object at 0x0000024FF8C21860>,23
<pdfplumber.pdf.PDF object at 0x0000024FF8C21A70>,23
<pdfplumber.pdf.PDF object at 0x0000024FF8C21C80>,23
<pdfplumber.pdf.PDF object at 0x0000024FF8C21E90>,23
<pdfplumber.pdf.PDF object at 0x0000024FF8C220A0>,23
<pdfplumber.pdf.PDF object at 0x0000024FF8C222B0>,23
<pdfplumber.pdf.PDF object at 0x0000024FF8C224C0>,23
<pdfplumber.pdf.PDF object at 0x0000024FF8C226D0>,23
<pdfplumber.pdf.PDF object at 0x0000024FF8C228E0>,23
<pdfplumber.pdf.PDF object at 0x0000024FF8C22AF0>,23
<pdfplumber.pdf.PDF object at 0x0000024FF8C22D00>,23
<pdfplumber.pdf.PDF object at 0x0000024FF8C22F10>,23
<pdfplumber.pdf.PDF object at 0x0000024FF8C23120>,23
<pdfplumber.pdf.PDF object at 0x0000024FF8C23330>,23
<pdfplumber.pdf.PDF object at 0x0000024FF8C23540>,23
<pdfplumber.pdf.PDF object at 0x0000024FF8C23750>,23
<pdfplumber.pdf.PDF object at 0x0000024FF8C23960>,23
<pdfplumber.pdf.PDF object at 0x0000024FF8C23B70>,23
<pdfplumber.pdf.PDF object at 0x0000024FF8C23D80>,23
<pdfplumber.pdf.PDF object at 0x0000024FF8C48050>,23
<pdfplumber.pdf.PDF object at 0x0000024FF8C48260>,23
<pdfplumber.pdf.PDF object at 0x0000024FF8C48470>,23
<pdfplumber.pdf.PDF object at 0x0000024FF8C48680>,23
<pdfplumber.pdf.PDF object at 0x0000024FF8C48890>,23
<pdfplumber.pdf.PDF object at 0x0000024FF8C48AA0>,23
<pdfplumber.pdf.PDF object at 0x0000024FF8C48CB0>,23
<pdfplumber.pdf.PDF object at 0x0000024FF8C48EC0>,23
<pdfplumber.pdf.PDF object at 0x0000024FF8C490D0>,23
<pdfplumber.pdf.PDF object at 0x0000024FF8C492E0>,23
<pdfplumber.pdf.PDF object at 0x0000024FF8C494F0>,23
<pdfplumber.pdf.PDF object at 0x0000024FF8C49700>,23
<pdfplumber.pdf.PDF object at 0x0000024FF8C49910>,23
<pdfplumber.pdf.PDF object at 0x0000024FF8C49B20>,23
<pdfplumber.pdf.PDF object at 0x0000024FF8C49D30>,23
<pdfplumber.pdf.PDF object at 0x0000024FF8C49F40>,23
<pdfplumber.pdf.PDF object at 0x0000024FF8C4A150>,23
<pdfplumber.pdf.PDF object at 0x0000024FF8C4A360>,23
<pdfplumber.pdf.PDF object at 0x0000024FF8C4A570>,23
<pdfplumber.pdf.PDF object at 0x0000024FF8C4A780>,23
<pdfplumber.pdf.PDF object at 0x0000024FF8C4A990>,23
<pdfplumber.pdf.PDF object at 0x0000024FF8C4ABA0>,23
<pdfplumber.pdf.PDF object at 0x0000024FF8C4ADB0>,23
<pdfplumber.pdf.PDF object at 0x0000024FF8C4AFC0>,23
<pdfplumber.pdf.PDF object at 0x0000024FF8C4B1D0>,23
<pdfplumber.pdf.PDF object at 0x0000024FF8C4B3E0>,23
<pdfplumber.pdf.PDF object at 0x0000024FF8C4B5F0>,23
<pdfplumber.pdf.PDF object at 0x0000024FF8C4B800>,23
<pdfplumber.pdf.PDF object at 0x0000024FF8C4BA10>,23
<pdfplumber.pdf.PDF object at 0x0000024FF8C4BC20>,23
<pdfplumber.pdf.PDF object at 0x0000024FF8C4BE30>,23
<pdfplumber.pdf.PDF object at 0x0000024FF8C84100>,23
<pdfplumber.pdf.PDF object at 0x0000024FF8C84310>,23
<pdfplumber.pdf.PDF object at 0x0000024FF8C84520>,23
<pdfplumber.pdf.PDF object at 0x0000024FF8C84730>,23
<pdfplumber.pdf.PDF object at 0x0000024FF8C84940>,23
<pdfplumber.pdf.PDF object at 0x0000024FF8C84B50>,23
<pdfplumber.pdf.PDF object at 0x0000024FF8C84D60>,23
<pdfplumber.pdf.PDF object at 0x0000024FF8C84F70>,23
<pdfplumber.pdf.PDF object at 0x0000024FF8C85180>,23
<pdfplumber.pdf.PDF object at 0x0000024FF8C85390>,23
<pdfplumber.pdf.PDF object at 0x0000024FF8C855A0>,23
<pdfplumber.pdf.PDF object at 0x0000024FF8C857B0>,23
